restaurant_id,external_merchant_id,komsco_name,qwen_model,candidate_count,qwen_ranking,selected_kakao_rank,selected_naver_rank,predicted_entity_match,predicted_business_type,predicted_location_scope,predicted_final_decision,reason,semantic_attempts_json,ranking_calls,semantic_calls,error_type,elapsed_ms,gold_kakao_rank,gold_naver_rank,gold_final_decision,gold_reject_reason,reviewer_comment,reviewer_detail,gold_note
9559,d060db16e889916add491c4defce1605,모우리,qwen3:8b,8,"[{""provider"": ""KAKAO"", ""rank"": 1, ""index"": 0}, {""provider"": ""NAVER"", ""rank"": 1, ""index"": 5}, {""provider"": ""NAVER"", ""rank"": 2, ""index"": 6}, {""provider"": ""KAKAO"", ""rank"": 2, ""index"": 1}, {""provider"": ""KAKAO"", ""rank"": 3, ""index"": 2}]",1,,MATCH,FOOD,IN_SCOPE,ACCEPT,"KOMSCO의 '모우리'와 PCMap의 '모우리한우'는 동일한 상호명에서 유래된 것으로 보이며, 주소는 도로명(학동로2길 20)과 논현동이 일치합니다. 좌표도 매우 가까운 위치를 나타내고, 카테고리도 음식점으로 분류되어 있습니다. 따라서 같은 사업체로 판단되며, 논현동 범위 내에 있으므로 수용합니다.","[{""rank"": 1, ""provider"": ""KAKAO"", ""provider_rank"": 1, ""entity_match"": ""MATCH"", ""business_type"": ""FOOD"", ""location_scope"": ""IN_SCOPE"", ""final_decision"": ""ACCEPT"", ""reason"": ""KOMSCO의 '모우리'와 PCMap의 '모우리한우'는 동일한 상호명에서 유래된 것으로 보이며, 주소는 도로명(학동로2길 20)과 논현동이 일치합니다. 좌표도 매우 가까운 위치를 나타내고, 카테고리도 음식점으로 분류되어 있습니다. 따라서 같은 사업체로 판단되며, 논현동 범위 내에 있으므로 수용합니다.""}]",1,1,,22284,1,1,ACCEPT,,,,Reviewed draft accepted.
9571,6e5772191bbe0e83289a4e6fe8cbd3fd,피자스쿨 강남논현점,qwen3:8b,3,"[{""provider"": ""KAKAO"", ""rank"": 1, ""index"": 0}, {""provider"": ""NAVER"", ""rank"": 1, ""index"": 1}, {""provider"": ""NAVER"", ""rank"": 2, ""index"": 2}]",1,,MATCH,FOOD,IN_SCOPE,ACCEPT,"KOMSCO와 PCMap 상세 모두 '피자스쿨'이라는 브랜드명을 공유하며, 주소는 도로명(강남대로122길 41)이 동일하고, 논현동 범위 내에 위치함. 주소의 핵심 정보(도로명, 건물번호)가 일치하여 같은 지점으로 판단됨. 카테고리도 '음식점 > 양식 > 피자 > 피자스쿨'로 음식점으로 분류됨. 좌표도 매우 가까운 범위에 있어 동일한 사업체로 간주됨.","[{""rank"": 1, ""provider"": ""KAKAO"", ""provider_rank"": 1, ""entity_match"": ""MATCH"", ""business_type"": ""FOOD"", ""location_scope"": ""IN_SCOPE"", ""final_decision"": ""ACCEPT"", ""reason"": ""KOMSCO와 PCMap 상세 모두 '피자스쿨'이라는 브랜드명을 공유하며, 주소는 도로명(강남대로122길 41)이 동일하고, 논현동 범위 내에 위치함. 주소의 핵심 정보(도로명, 건물번호)가 일치하여 같은 지점으로 판단됨. 카테고리도 '음식점 > 양식 > 피자 > 피자스쿨'로 음식점으로 분류됨. 좌표도 매우 가까운 범위에 있어 동일한 사업체로 간주됨.""}]",1,1,,20694,1,1,ACCEPT,,,,Reviewed draft accepted.
9583,d76087fc516a1b7954eee6703a195ec5,파파존스 논현점,qwen3:8b,3,"[{""provider"": ""KAKAO"", ""rank"": 1, ""index"": 0}, {""provider"": ""NAVER"", ""rank"": 1, ""index"": 2}, {""provider"": ""KAKAO"", ""rank"": 2, ""index"": 1}]",1,,MATCH,FOOD,IN_SCOPE,ACCEPT,"도로명주소(서울 강남구 학동로 328)과 KOMSCO 도로명주소(서울 강남구 학동로 328)가 완전 일치하며, 지번주소는 UNKNOWN이지만 동일한 도로명과 건물번호로, 논현동 범위 내에 위치함을 확인. 카테고리도 '음식점 > 양식 > 피자 > 파파존스'로 음식점으로 분류됨. 주소와 카테고리가 일치하여 실제 같은 지점으로 판단됨.","[{""rank"": 1, ""provider"": ""KAKAO"", ""provider_rank"": 1, ""entity_match"": ""MATCH"", ""business_type"": ""FOOD"", ""location_scope"": ""IN_SCOPE"", ""final_decision"": ""ACCEPT"", ""reason"": ""도로명주소(서울 강남구 학동로 328)과 KOMSCO 도로명주소(서울 강남구 학동로 328)가 완전 일치하며, 지번주소는 UNKNOWN이지만 동일한 도로명과 건물번호로, 논현동 범위 내에 위치함을 확인. 카테고리도 '음식점 > 양식 > 피자 > 파파존스'로 음식점으로 분류됨. 주소와 카테고리가 일치하여 실제 같은 지점으로 판단됨.""}]",1,1,,19071,1,1,ACCEPT,,,,Reviewed draft accepted.
9594,984ee758a63777ed63a09ffe745f58c7,돼지가엔푸드,qwen3:8b,1,"[{""provider"": ""NAVER"", ""rank"": 1, ""index"": 0}]",,1,MATCH,FOOD,IN_SCOPE,ACCEPT,"KOMSCO와 PCMap 상세 모두 '돼지가엔푸드'로 동일한 이름을 가지고 있으며, 주소는 모두 서울특별시 강남구 논현동에 위치하고 있음. 도로명 주소는 '강남대로118길 61'과 '봉은사로11길 6'이 다르지만, 동일한 논현동 내에 위치하고 있으며, 건물번호와 호수는 일치하지 않으나, 지점 위치가 동일한 것으로 추정됨. 카테고리는 모두 음식점으로 분류되어 있으며, 좌표는 약간 차이가 있으나 논현동 내부에 위치함. 따라서 같은 사업체로 판단됨.","[{""rank"": 1, ""provider"": ""NAVER"", ""provider_rank"": 1, ""entity_match"": ""MATCH"", ""business_type"": ""FOOD"", ""location_scope"": ""IN_SCOPE"", ""final_decision"": ""ACCEPT"", ""reason"": ""KOMSCO와 PCMap 상세 모두 '돼지가엔푸드'로 동일한 이름을 가지고 있으며, 주소는 모두 서울특별시 강남구 논현동에 위치하고 있음. 도로명 주소는 '강남대로118길 61'과 '봉은사로11길 6'이 다르지만, 동일한 논현동 내에 위치하고 있으며, 건물번호와 호수는 일치하지 않으나, 지점 위치가 동일한 것으로 추정됨. 카테고리는 모두 음식점으로 분류되어 있으며, 좌표는 약간 차이가 있으나 논현동 내부에 위치함. 따라서 같은 사업체로 판단됨.""}]",1,1,,18331,,1,ACCEPT,,같은 매장이라고 봐도 무방,,Reviewer confirmed same store despite address difference.
9606,8b0e09234362e7a8c36322cfa0a01205,제이콥스플래닝앤디자인,qwen3:8b,3,"[{""provider"": ""KAKAO"", ""rank"": 1, ""index"": 0}, {""provider"": ""NAVER"", ""rank"": 1, ""index"": 2}, {""provider"": ""KAKAO"", ""rank"": 2, ""index"": 1}]",,,NO_MATCH,,,REJECT,"PCMap 카테고리가 공연기획으로 음식점이 아님; KOMSCO 음식점은 '제이콥스플래닝앤디자인'으로 등록되어 있으나, PCMap 상세 정보의 카테고리는 '지원,대행>전시,행사대행'으로 명백한 비음식 업종입니다. 이는 business_type을 NON_FOOD로 판단하며, 음식점으로서의 적격성이 없습니다. 주소는 논현동 범위 내에 있으나, 업종이 다르므로 final_decision은 REJECT입니다.; KOMSCO 음식점은 서울 강남구 논현동에 위치한 '제이콥스플래닝앤디자인'으로, 주소와 좌표가 명확히 기록되어 있습니다. 반면, PCMap 상세 음식점은 서울 강동구 암사동에 위치하며, '문화,예술 > 공연,연극 > 공연기획'이라는 카테고리로 분류되어 있습니다. 이는 명백한 비음식 업종에 해당하므로 business_type이 NON_FOOD로 판단됩니다. 또한, 강남구 논현동과 강동구 암사동은 서로 다른 구이므로 location_scope는 OUT_OF_SCOPE입니다. 주소와 카테고리가 모두 다르므로 entity_match는 NO_MATCH로 판단됩니다. 따라서 final_decision은 REJECT입니다.","[{""rank"": 1, ""provider"": ""KAKAO"", ""provider_rank"": 1, ""entity_match"": ""MATCH"", ""business_type"": ""NON_FOOD"", ""location_scope"": ""IN_SCOPE"", ""final_decision"": ""REJECT"", ""reason"": ""PCMap 카테고리가 공연기획으로 음식점이 아님""}, {""rank"": 2, ""provider"": ""NAVER"", ""provider_rank"": 1, ""entity_match"": ""UNCERTAIN"", ""business_type"": ""NON_FOOD"", ""location_scope"": ""IN_SCOPE"", ""final_decision"": ""REJECT"", ""reason"": ""KOMSCO 음식점은 '제이콥스플래닝앤디자인'으로 등록되어 있으나, PCMap 상세 정보의 카테고리는 '지원,대행>전시,행사대행'으로 명백한 비음식 업종입니다. 이는 business_type을 NON_FOOD로 판단하며, 음식점으로서의 적격성이 없습니다. 주소는 논현동 범위 내에 있으나, 업종이 다르므로 final_decision은 REJECT입니다.""}, {""rank"": 3, ""provider"": ""KAKAO"", ""provider_rank"": 2, ""entity_match"": ""NO_MATCH"", ""business_type"": ""NON_FOOD"", ""location_scope"": ""OUT_OF_SCOPE"", ""final_decision"": ""REJECT"", ""reason"": ""KOMSCO 음식점은 서울 강남구 논현동에 위치한 '제이콥스플래닝앤디자인'으로, 주소와 좌표가 명확히 기록되어 있습니다. 반면, PCMap 상세 음식점은 서울 강동구 암사동에 위치하며, '문화,예술 > 공연,연극 > 공연기획'이라는 카테고리로 분류되어 있습니다. 이는 명백한 비음식 업종에 해당하므로 business_type이 NON_FOOD로 판단됩니다. 또한, 강남구 논현동과 강동구 암사동은 서로 다른 구이므로 location_scope는 OUT_OF_SCOPE입니다. 주소와 카테고리가 모두 다르므로 entity_match는 NO_MATCH로 판단됩니다. 따라서 final_decision은 REJECT입니다.""}]",1,3,,63045,1,1,REJECT,NON_FOOD,,,"Reviewed draft: same/related entity may exist, but not a restaurant."
9617,941c1e1a6327a290d00c58b738ccd8c3,(주)에스지푸드 논현역 마성떡볶이,qwen3:8b,0,,,,,,,,no candidates supplied,[],0,0,evaluation_error,0,,,REJECT,NOT_EXIST,komsco 정보 자체를 사용하지 않는걸로 결정,가게 없음,Reviewer: 가게 없음; do not use KOMSCO record.
9619,9f8d1a40c78ab764c0aeac0bf3d72af8,우정양곱창,qwen3:8b,3,"[{""provider"": ""KAKAO"", ""rank"": 1, ""index"": 0}, {""provider"": ""NAVER"", ""rank"": 1, ""index"": 1}, {""provider"": ""NAVER"", ""rank"": 2, ""index"": 2}]",1,,MATCH,FOOD,IN_SCOPE,ACCEPT,"도로명 주소(도산대로30길 23)와 KOMSCO 주소(도산대로30길 23 1층)가 일치하며, 논현동 범위 내에 위치함. 카테고리도 음식점 관련. 이름도 동일하여 같은 사업체로 판단됨.","[{""rank"": 1, ""provider"": ""KAKAO"", ""provider_rank"": 1, ""entity_match"": ""MATCH"", ""business_type"": ""FOOD"", ""location_scope"": ""IN_SCOPE"", ""final_decision"": ""ACCEPT"", ""reason"": ""도로명 주소(도산대로30길 23)와 KOMSCO 주소(도산대로30길 23 1층)가 일치하며, 논현동 범위 내에 위치함. 카테고리도 음식점 관련. 이름도 동일하여 같은 사업체로 판단됨.""}]",1,1,,17801,1,1,ACCEPT,,,,Reviewed draft accepted.
9631,171bfc5a110b3b2f4d9fa86b416b3b92,"오늘, 와인한잔",qwen3:8b,6,"[{""provider"": ""KAKAO"", ""rank"": 1, ""index"": 0}, {""provider"": ""KAKAO"", ""rank"": 2, ""index"": 1}, {""provider"": ""NAVER"", ""rank"": 1, ""index"": 5}, {""provider"": ""KAKAO"", ""rank"": 4, ""index"": 3}, {""provider"": ""KAKAO"", ""rank"": 5, ""index"": 4}]",1,,MATCH,FOOD,IN_SCOPE,ACCEPT,"KOMSCO의 '오늘, 와인한잔'은 PCMap의 '오늘와인한잔 논현점'과 동일한 도로명주소(봉은사로1길 33)를 공유하며, 논현동 범위 내에 위치합니다. 주소 정보가 일치하고, 카테고리도 '음식점 > 술집 > 와인바'로 음식점에 해당하므로 business_type은 FOOD로 판단됩니다. 동일한 지점으로 추정되며, 모든 주요 정보가 일치하므로 entity_match는 MATCH로 판단됩니다. 따라서 final_decision은 ACCEPT입니다.","[{""rank"": 1, ""provider"": ""KAKAO"", ""provider_rank"": 1, ""entity_match"": ""MATCH"", ""business_type"": ""FOOD"", ""location_scope"": ""IN_SCOPE"", ""final_decision"": ""ACCEPT"", ""reason"": ""KOMSCO의 '오늘, 와인한잔'은 PCMap의 '오늘와인한잔 논현점'과 동일한 도로명주소(봉은사로1길 33)를 공유하며, 논현동 범위 내에 위치합니다. 주소 정보가 일치하고, 카테고리도 '음식점 > 술집 > 와인바'로 음식점에 해당하므로 business_type은 FOOD로 판단됩니다. 동일한 지점으로 추정되며, 모든 주요 정보가 일치하므로 entity_match는 MATCH로 판단됩니다. 따라서 final_decision은 ACCEPT입니다.""}]",1,1,,14639,1,,ACCEPT,,,,Reviewed draft accepted.
9643,3a403f5d0faadbc5036cf975188bd18e,반포식스선정릉역점,qwen3:8b,2,"[{""provider"": ""NAVER"", ""rank"": 1, ""index"": 1}, {""provider"": ""KAKAO"", ""rank"": 1, ""index"": 0}]",,1,MATCH,FOOD,IN_SCOPE,ACCEPT,"도로명주소(선릉로 603 2층)가 완전히 일치하며, KOMSCO와 PCMap의 주소는 동일한 위치를 나타내므로 같은 지점으로 판단됨. 카테고리도 음식점으로 일치하며, 논현동 범위 내에 위치하므로 location_scope는 IN_SCOPE. 음식점으로 분류되므로 business_type은 FOOD. 모든 정보가 일치하므로 entity_match는 MATCH, 최종적으로 ACCEPT.","[{""rank"": 1, ""provider"": ""NAVER"", ""provider_rank"": 1, ""entity_match"": ""MATCH"", ""business_type"": ""FOOD"", ""location_scope"": ""IN_SCOPE"", ""final_decision"": ""ACCEPT"", ""reason"": ""도로명주소(선릉로 603 2층)가 완전히 일치하며, KOMSCO와 PCMap의 주소는 동일한 위치를 나타내므로 같은 지점으로 판단됨. 카테고리도 음식점으로 일치하며, 논현동 범위 내에 위치하므로 location_scope는 IN_SCOPE. 음식점으로 분류되므로 business_type은 FOOD. 모든 정보가 일치하므로 entity_match는 MATCH, 최종적으로 ACCEPT.""}]",1,1,,22201,1,1,ACCEPT,,,,Reviewed draft accepted.
9654,41fce4115743043e1bbc31eb1a3b5dcd,지리산,qwen3:8b,9,"[{""provider"": ""KAKAO"", ""rank"": 1, ""index"": 0}, {""provider"": ""KAKAO"", ""rank"": 5, ""index"": 4}, {""provider"": ""KAKAO"", ""rank"": 3, ""index"": 2}, {""provider"": ""KAKAO"", ""rank"": 4, ""index"": 3}, {""provider"": ""NAVER"", ""rank"": 1, ""index"": 5}]",1,,MATCH,FOOD,IN_SCOPE,ACCEPT,"KOMSCO과 PCMap 상세 모두 '지리산'이라는 이름을 공유하며, 주소도 '서울 강남구 학동로43길 7'과 '서울 강남구 논현동 115-6'로 동일한 지역(논현동)에 위치하고 있음. 도로명 주소가 완전히 일치하며, 카테고리도 '음식점' 및 '한식'으로 음식점으로 분류됨. 좌표도 매우 가까운 값으로 일치함. 따라서 같은 사업체로 판단됨.","[{""rank"": 1, ""provider"": ""KAKAO"", ""provider_rank"": 1, ""entity_match"": ""MATCH"", ""business_type"": ""FOOD"", ""location_scope"": ""IN_SCOPE"", ""final_decision"": ""ACCEPT"", ""reason"": ""KOMSCO과 PCMap 상세 모두 '지리산'이라는 이름을 공유하며, 주소도 '서울 강남구 학동로43길 7'과 '서울 강남구 논현동 115-6'로 동일한 지역(논현동)에 위치하고 있음. 도로명 주소가 완전히 일치하며, 카테고리도 '음식점' 및 '한식'으로 음식점으로 분류됨. 좌표도 매우 가까운 값으로 일치함. 따라서 같은 사업체로 판단됨.""}]",1,1,,24128,1,,ACCEPT,,,,Reviewed draft accepted.
9666,7b1ef64a327db61923ab2c3390cdae5b,봉추찜닭 강남구청역점,qwen3:8b,2,"[{""provider"": ""KAKAO"", ""rank"": 1, ""index"": 0}, {""provider"": ""NAVER"", ""rank"": 1, ""index"": 1}]",1,,MATCH,FOOD,IN_SCOPE,ACCEPT,"KOMSCO와 PCMap 상세 모두 '봉추찜닭 강남구청역점'이라는 동일한 지점명을 사용하고 있으며, 주소도 '서울 강남구 학동로 343'과 '서울특별시 강남구 학동로 343 (논현동)'로 도로명과 건물번호가 일치합니다. 논현동이라는 동이 포함되어 있어 위치 범위도 일치합니다. 카테고리도 '음식점' 관련으로 명확하고, 좌표도 매우 유사합니다. 따라서 같은 사업체/지점으로 판단됩니다.","[{""rank"": 1, ""provider"": ""KAKAO"", ""provider_rank"": 1, ""entity_match"": ""MATCH"", ""business_type"": ""FOOD"", ""location_scope"": ""IN_SCOPE"", ""final_decision"": ""ACCEPT"", ""reason"": ""KOMSCO와 PCMap 상세 모두 '봉추찜닭 강남구청역점'이라는 동일한 지점명을 사용하고 있으며, 주소도 '서울 강남구 학동로 343'과 '서울특별시 강남구 학동로 343 (논현동)'로 도로명과 건물번호가 일치합니다. 논현동이라는 동이 포함되어 있어 위치 범위도 일치합니다. 카테고리도 '음식점' 관련으로 명확하고, 좌표도 매우 유사합니다. 따라서 같은 사업체/지점으로 판단됩니다.""}]",1,1,,21087,1,1,ACCEPT,,,,Reviewed draft accepted.
9678,b22d6080c568c44452c1b43fa60e47ac,The A(더에이),qwen3:8b,8,"[{""provider"": ""NAVER"", ""rank"": 3, ""index"": 7}, {""provider"": ""KAKAO"", ""rank"": 1, ""index"": 0}, {""provider"": ""NAVER"", ""rank"": 2, ""index"": 6}, {""provider"": ""KAKAO"", ""rank"": 2, ""index"": 1}, {""provider"": ""KAKAO"", ""rank"": 4, ""index"": 3}]",,,NO_MATCH,,,REJECT,"주소가 서울 강남구 논현동과 경기 남양주시 수동면으로 명백히 다른 지역; KOMSCO의 'The A(더에이)'는 음식점으로 등록되어 있으나, PCMap의 '더에이'는 '미용실'이라는 명확한 비음식 업종으로 분류되어 있음. 주소는 동일한 '논현동'이며, 도로명 주소도 일치하나, 업종이 명백히 다르므로 business_type=NON_FOOD로 판단. 같은 사업체일 가능성은 있으나, 업종이 음식점이 아니므로 final_decision=REJECT.; KOMSCO 음식점 'The A(더에이)'은 서울특별시 강남구 언주로150길 41 (논현동)에 위치하며, 음식점으로 분류되어 있습니다. 반면, PCMap 상세 음식점 '비이케이 프렙에이 학원'은 '어학교육' 카테고리에 속하며, 음식점이 아닙니다. 주소도 서로 다르며, '역삼동'과 '논현동'은 강남구 내 다른 지역입니다. 따라서 같은 사업체가 아니며, 음식점으로 분류될 수 없습니다. 또한, 카테고리가 명백히 비음식 업종이므로 business_type이 NON_FOOD로 판단됩니다. 주소와 카테고리가 모두 다르므로 entity_match는 NO_MATCH이며, final_decision은 REJECT입니다.; KOMSCO의 'The A(더에이)'는 음식점으로 등록되어 있으나, PCMap의 '더에이랩 스포츠과학연구소'는 '스포츠,레저 > 스포츠시설'이라는 명확한 비음식 업종으로 분류되어 business_type=NON_FOOD로 판단됨. 또한, 주소 비교 시 KOMSCO의 주소는 '논현동'에 위치한 '언주로150길 41'이지만, PCMap의 주소는 '대치동'에 위치한 '삼성로85길 28'로, 동이 다르고, 도로명 및 건물번호도 상이하여 location_scope=OUT_OF_SCOPE. 따라서, 같은 사업체가 아니며, 업종도 다르므로 final_decision=REJECT.; PCMap의 카테고리 필라테스로 음식점이 아님, 주소도 논현동이 아님","[{""rank"": 1, ""provider"": ""NAVER"", ""provider_rank"": 3, ""entity_match"": ""NO_MATCH"", ""business_type"": ""FOOD"", ""location_scope"": ""OUT_OF_SCOPE"", ""final_decision"": ""REJECT"", ""reason"": ""주소가 서울 강남구 논현동과 경기 남양주시 수동면으로 명백히 다른 지역""}, {""rank"": 2, ""provider"": ""KAKAO"", ""provider_rank"": 1, ""entity_match"": ""MATCH"", ""business_type"": ""NON_FOOD"", ""location_scope"": ""IN_SCOPE"", ""final_decision"": ""REJECT"", ""reason"": ""KOMSCO의 'The A(더에이)'는 음식점으로 등록되어 있으나, PCMap의 '더에이'는 '미용실'이라는 명확한 비음식 업종으로 분류되어 있음. 주소는 동일한 '논현동'이며, 도로명 주소도 일치하나, 업종이 명백히 다르므로 business_type=NON_FOOD로 판단. 같은 사업체일 가능성은 있으나, 업종이 음식점이 아니므로 final_decision=REJECT.""}, {""rank"": 3, ""provider"": ""NAVER"", ""provider_rank"": 2, ""entity_match"": ""NO_MATCH"", ""business_type"": ""NON_FOOD"", ""location_scope"": ""OUT_OF_SCOPE"", ""final_decision"": ""REJECT"", ""reason"": ""KOMSCO 음식점 'The A(더에이)'은 서울특별시 강남구 언주로150길 41 (논현동)에 위치하며, 음식점으로 분류되어 있습니다. 반면, PCMap 상세 음식점 '비이케이 프렙에이 학원'은 '어학교육' 카테고리에 속하며, 음식점이 아닙니다. 주소도 서로 다르며, '역삼동'과 '논현동'은 강남구 내 다른 지역입니다. 따라서 같은 사업체가 아니며, 음식점으로 분류될 수 없습니다. 또한, 카테고리가 명백히 비음식 업종이므로 business_type이 NON_FOOD로 판단됩니다. 주소와 카테고리가 모두 다르므로 entity_match는 NO_MATCH이며, final_decision은 REJECT입니다.""}, {""rank"": 4, ""provider"": ""KAKAO"", ""provider_rank"": 2, ""entity_match"": ""NO_MATCH"", ""business_type"": ""NON_FOOD"", ""location_scope"": ""OUT_OF_SCOPE"", ""final_decision"": ""REJECT"", ""reason"": ""KOMSCO의 'The A(더에이)'는 음식점으로 등록되어 있으나, PCMap의 '더에이랩 스포츠과학연구소'는 '스포츠,레저 > 스포츠시설'이라는 명확한 비음식 업종으로 분류되어 business_type=NON_FOOD로 판단됨. 또한, 주소 비교 시 KOMSCO의 주소는 '논현동'에 위치한 '언주로150길 41'이지만, PCMap의 주소는 '대치동'에 위치한 '삼성로85길 28'로, 동이 다르고, 도로명 및 건물번호도 상이하여 location_scope=OUT_OF_SCOPE. 따라서, 같은 사업체가 아니며, 업종도 다르므로 final_decision=REJECT.""}, {""rank"": 5, ""provider"": ""KAKAO"", ""provider_rank"": 4, ""entity_match"": ""NO_MATCH"", ""business_type"": ""NON_FOOD"", ""location_scope"": ""OUT_OF_SCOPE"", ""final_decision"": ""REJECT"", ""reason"": ""PCMap의 카테고리 필라테스로 음식점이 아님, 주소도 논현동이 아님""}]",1,5,,95171,1,,REJECT,NON_FOOD,,,"Reviewed draft: same/related entity may exist, but not a restaurant."
9690,402d56a0708840cbd307c3471ce8cb59,단스시,qwen3:8b,5,"[{""provider"": ""NAVER"", ""rank"": 1, ""index"": 4}, {""provider"": ""KAKAO"", ""rank"": 1, ""index"": 0}, {""provider"": ""KAKAO"", ""rank"": 3, ""index"": 2}, {""provider"": ""KAKAO"", ""rank"": 2, ""index"": 1}, {""provider"": ""KAKAO"", ""rank"": 4, ""index"": 3}]",,1,MATCH,FOOD,IN_SCOPE,ACCEPT,"KOMSCO과 PCMap 상세의 음식점 이름 '단스시'가 일치하며, 주소는 모두 서울특별시 강남구 논현동에 위치하고 있으며, 도로명 주소 '언주로 652 쿠쿠빌딩'이 동일합니다. KOMSCO의 주소는 '언주로 652(논현동) 쿠쿠빌딩2층'으로, PCMap의 '언주로 652 쿠쿠빌딩'과 동일한 도로명과 건물번호를 가집니다. 카테고리도 '음식점>일식>초밥,롤'로 일치하며, 이는 FOOD로 분류됩니다. 따라서 같은 사업체로 판단되며, 논현동 범위 내에 있으므로 ACCEPT합니다.","[{""rank"": 1, ""provider"": ""NAVER"", ""provider_rank"": 1, ""entity_match"": ""MATCH"", ""business_type"": ""FOOD"", ""location_scope"": ""IN_SCOPE"", ""final_decision"": ""ACCEPT"", ""reason"": ""KOMSCO과 PCMap 상세의 음식점 이름 '단스시'가 일치하며, 주소는 모두 서울특별시 강남구 논현동에 위치하고 있으며, 도로명 주소 '언주로 652 쿠쿠빌딩'이 동일합니다. KOMSCO의 주소는 '언주로 652(논현동) 쿠쿠빌딩2층'으로, PCMap의 '언주로 652 쿠쿠빌딩'과 동일한 도로명과 건물번호를 가집니다. 카테고리도 '음식점>일식>초밥,롤'로 일치하며, 이는 FOOD로 분류됩니다. 따라서 같은 사업체로 판단되며, 논현동 범위 내에 있으므로 ACCEPT합니다.""}]",1,1,,22418,1,1,ACCEPT,,,,Reviewed draft accepted.
9701,46423f0bfb39b3a0113a536bc387504c,사계절투어,qwen3:8b,7,"[{""provider"": ""NAVER"", ""rank"": 1, ""index"": 3}, {""provider"": ""KAKAO"", ""rank"": 1, ""index"": 0}, {""provider"": ""KAKAO"", ""rank"": 3, ""index"": 2}, {""provider"": ""NAVER"", ""rank"": 2, ""index"": 4}, {""provider"": ""KAKAO"", ""rank"": 2, ""index"": 1}]",,,NO_MATCH,,,REJECT,"KOMSCO의 '사계절투어'는 음식점으로 등록되어 있으나, PCMap의 '카테고리'는 '서비스,산업>여행사'로 명백히 여행사 업종에 해당합니다. 이는 음식점으로 분류될 수 없는 비음식 업종입니다. 주소는 동일하며, 도로명주소도 일치하지만, 업종이 서로 다르므로 business_type=NON_FOOD로 판단됩니다. 따라서, 같은 사업체라도 음식점으로 분류될 수 없으므로 final_decision=REJECT입니다.; KOMSCO 음식점 '사계절투어'는 서울특별시 강남구 논현동에 위치하고 있지만, PCMap 상세 정보는 '서울 성동구 성수동2가'에 위치하며, '서비스,산업 > 여행사'로 분류되어 음식점이 아님을 명확히 나타냅니다. 주소는 강남구 논현동에서 성동구 성수동으로完全不同하며, 이는 동일한 사업체가 아님을 시사합니다. 또한, 카테고리가 '여행사'로 분류되어 business_type이 NON_FOOD로 판단되며, 이는 음식점으로 수용할 수 없습니다. 따라서 entity_match는 NO_MATCH, business_type은 NON_FOOD, location_scope는 OUT_OF_SCOPE, final_decision은 REJECT로 판단됩니다.; KOMSCO 음식점 '사계절투어'는 서울특별시 강남구 논현동에 위치한 것으로 기록되지만, PCMap 상세 정보는 경북 구미시 원평동 및 송원서로2길 53에 위치한 것으로 기록되어 주소가 명백히 다르다. 또한 PCMap의 카테고리는 '서비스,산업 > 여행사'로, 음식점이 아닌 비음식 업종에 해당한다. 따라서 이는 같은 사업체가 아니며, 음식점으로 분류될 수 없으므로 final_decision은 REJECT이다.; KOMSCO 음식점 '사계절투어'는 서울특별시 강남구 논현동에 위치하고 있으며, PCMap 상세 음식점은 경상북도 구미시 원평동에 위치하고 있습니다. 주소 정보에서 시·구·동이 모두 다르며, 도로명과 건물번호도 서로 다릅니다. 또한, PCMap 상세의 카테고리는 '서비스,산업>여행사'로 명백히 음식점이 아닙니다. 따라서 이는 같은 사업체가 아니며, business_type이 NON_FOOD로 판단됩니다. 주소와 업종이 모두 다르므로 location_scope는 OUT_OF_SCOPE이며, final_decision은 REJECT입니다.; PCMap 상세의 카테고리가 '여행사'로 명백히 비음식 업종이며, 주소도 서울 강남구 논현동이 아닌 충남 부여군으로 위치가 다르다.","[{""rank"": 1, ""provider"": ""NAVER"", ""provider_rank"": 1, ""entity_match"": ""MATCH"", ""business_type"": ""NON_FOOD"", ""location_scope"": ""IN_SCOPE"", ""final_decision"": ""REJECT"", ""reason"": ""KOMSCO의 '사계절투어'는 음식점으로 등록되어 있으나, PCMap의 '카테고리'는 '서비스,산업>여행사'로 명백히 여행사 업종에 해당합니다. 이는 음식점으로 분류될 수 없는 비음식 업종입니다. 주소는 동일하며, 도로명주소도 일치하지만, 업종이 서로 다르므로 business_type=NON_FOOD로 판단됩니다. 따라서, 같은 사업체라도 음식점으로 분류될 수 없으므로 final_decision=REJECT입니다.""}, {""rank"": 2, ""provider"": ""KAKAO"", ""provider_rank"": 1, ""entity_match"": ""NO_MATCH"", ""business_type"": ""NON_FOOD"", ""location_scope"": ""OUT_OF_SCOPE"", ""final_decision"": ""REJECT"", ""reason"": ""KOMSCO 음식점 '사계절투어'는 서울특별시 강남구 논현동에 위치하고 있지만, PCMap 상세 정보는 '서울 성동구 성수동2가'에 위치하며, '서비스,산업 > 여행사'로 분류되어 음식점이 아님을 명확히 나타냅니다. 주소는 강남구 논현동에서 성동구 성수동으로完全不同하며, 이는 동일한 사업체가 아님을 시사합니다. 또한, 카테고리가 '여행사'로 분류되어 business_type이 NON_FOOD로 판단되며, 이는 음식점으로 수용할 수 없습니다. 따라서 entity_match는 NO_MATCH, business_type은 NON_FOOD, location_scope는 OUT_OF_SCOPE, final_decision은 REJECT로 판단됩니다.""}, {""rank"": 3, ""provider"": ""KAKAO"", ""provider_rank"": 3, ""entity_match"": ""NO_MATCH"", ""business_type"": ""NON_FOOD"", ""location_scope"": ""OUT_OF_SCOPE"", ""final_decision"": ""REJECT"", ""reason"": ""KOMSCO 음식점 '사계절투어'는 서울특별시 강남구 논현동에 위치한 것으로 기록되지만, PCMap 상세 정보는 경북 구미시 원평동 및 송원서로2길 53에 위치한 것으로 기록되어 주소가 명백히 다르다. 또한 PCMap의 카테고리는 '서비스,산업 > 여행사'로, 음식점이 아닌 비음식 업종에 해당한다. 따라서 이는 같은 사업체가 아니며, 음식점으로 분류될 수 없으므로 final_decision은 REJECT이다.""}, {""rank"": 4, ""provider"": ""NAVER"", ""provider_rank"": 2, ""entity_match"": ""NO_MATCH"", ""business_type"": ""NON_FOOD"", ""location_scope"": ""OUT_OF_SCOPE"", ""final_decision"": ""REJECT"", ""reason"": ""KOMSCO 음식점 '사계절투어'는 서울특별시 강남구 논현동에 위치하고 있으며, PCMap 상세 음식점은 경상북도 구미시 원평동에 위치하고 있습니다. 주소 정보에서 시·구·동이 모두 다르며, 도로명과 건물번호도 서로 다릅니다. 또한, PCMap 상세의 카테고리는 '서비스,산업>여행사'로 명백히 음식점이 아닙니다. 따라서 이는 같은 사업체가 아니며, business_type이 NON_FOOD로 판단됩니다. 주소와 업종이 모두 다르므로 location_scope는 OUT_OF_SCOPE이며, final_decision은 REJECT입니다.""}, {""rank"": 5, ""provider"": ""KAKAO"", ""provider_rank"": 2, ""entity_match"": ""NO_MATCH"", ""business_type"": ""NON_FOOD"", ""location_scope"": ""OUT_OF_SCOPE"", ""final_decision"": ""REJECT"", ""reason"": ""PCMap 상세의 카테고리가 '여행사'로 명백히 비음식 업종이며, 주소도 서울 강남구 논현동이 아닌 충남 부여군으로 위치가 다르다.""}]",1,5,,80255,,1,REJECT,NON_FOOD,,,"Reviewed draft: same/related entity may exist, but not a restaurant."
9713,1b1736d2b6361417c420646737839343,김밥나라,qwen3:8b,6,"[{""provider"": ""KAKAO"", ""rank"": 2, ""index"": 1}, {""provider"": ""KAKAO"", ""rank"": 5, ""index"": 4}, {""provider"": ""NAVER"", ""rank"": 1, ""index"": 5}, {""provider"": ""KAKAO"", ""rank"": 1, ""index"": 0}, {""provider"": ""KAKAO"", ""rank"": 3, ""index"": 2}]",,,NO_MATCH,,,REJECT,"KOMSCO의 '김밥나라'는 서울특별시 강남구 논현동에 위치하고 있으나, PCMap의 '김밥나라'는 서울 성동구 옥수동에 위치하며, 도로명과 지번이 모두 다르고, 동이 다릅니다. 주소 정보가 서로 다르므로 같은 사업체로 판단할 수 없습니다. 또한, KOMSCO의 주소와 PCMap의 주소는 서로 다른 지역에 위치하므로 논현동 범위에 해당하지 않습니다. 따라서 entity_match는 NO_MATCH, location_scope는 OUT_OF_SCOPE, final_decision는 REJECT로 판단됩니다.; KOMSCO의 '김밥나라'는 서울특별시 강남구 논현동에 위치한 음식점으로 등록되어 있으며, PCMap의 '김밥나라 사당점'은 서울 서초구 방배동에 위치한 음식점으로 등록되어 있습니다. 도로명과 지번, 시·구·동 모두 다르며, 논현동 범위를 벗어난 것으로 확인됩니다. 따라서 같은 사업체 또는 지점으로 판단되지 않으며, 위치 범위가 다르므로 최종적으로 수용하지 않습니다.; KOMSCO의 '김밥나라'는 서울특별시 강남구 논현동에 위치한 음식점으로 등록되어 있으며, PCMap의 '김밥나라 충무로점'은 서울특별시 중구 충무로3가에 위치한 분식점입니다. 도로명, 지번, 시·구·동, 좌표 등 주소 정보가 서로 다르며, 논현동 범위를 벗어난 것으로 확인됩니다. 따라서 같은 사업체 또는 지점으로 판단되지 않으며, 위치 범위가 다르므로 최종적으로 수용하지 않습니다.; KOMSCO의 '김밥나라'는 서울특별시 강남구 논현동에 위치한 음식점으로 등록되어 있으며, PCMap의 '김밥천국'은 서울 서초구 반포동에 위치한 분식점으로 등록되어 있습니다. 도로명(강남대로120길 vs 신반포로), 구(강남구 vs 서초구), 동(논현동 vs 반포동)이 모두 다르며, 주소 정보가 명확히 다른 것으로 확인됩니다. 따라서 같은 사업체로 판단할 수 없습니다. 또한, KOMSCO의 주소와 PCMap의 주소는 서로 다른 지역에 위치하고 있어, 논현동 범위에 포함되지 않습니다. 따라서 final_decision은 REJECT입니다.; KOMSCO 음식점 '김밥나라'는 서울특별시 강남구 논현동에 위치하고 있으나, PCMap 상세 음식점 '어묵나라 뚝섬점'은 서울 성동구 성수동에 위치하며, 도로명과 구역이 모두 다르다. 주소 정보가 명확히 다르므로 같은 사업체로 판단할 수 없다. 또한, '김밥나라'와 '어묵나라'는 서로 다른 브랜드로 보이며, 지점명과 주소 모두 일치하지 않으므로 entity_match는 NO_MATCH이다. 논현동 범위와는 다른 지역에 위치하므로 location_scope는 OUT_OF_SCOPE로 판단된다. 음식점으로 분류되지만, 주소와 지점명이 모두 다르므로 final_decision은 REJECT이다.","[{""rank"": 1, ""provider"": ""KAKAO"", ""provider_rank"": 2, ""entity_match"": ""NO_MATCH"", ""business_type"": ""FOOD"", ""location_scope"": ""OUT_OF_SCOPE"", ""final_decision"": ""REJECT"", ""reason"": ""KOMSCO의 '김밥나라'는 서울특별시 강남구 논현동에 위치하고 있으나, PCMap의 '김밥나라'는 서울 성동구 옥수동에 위치하며, 도로명과 지번이 모두 다르고, 동이 다릅니다. 주소 정보가 서로 다르므로 같은 사업체로 판단할 수 없습니다. 또한, KOMSCO의 주소와 PCMap의 주소는 서로 다른 지역에 위치하므로 논현동 범위에 해당하지 않습니다. 따라서 entity_match는 NO_MATCH, location_scope는 OUT_OF_SCOPE, final_decision는 REJECT로 판단됩니다.""}, {""rank"": 2, ""provider"": ""KAKAO"", ""provider_rank"": 5, ""entity_match"": ""NO_MATCH"", ""business_type"": ""FOOD"", ""location_scope"": ""OUT_OF_SCOPE"", ""final_decision"": ""REJECT"", ""reason"": ""KOMSCO의 '김밥나라'는 서울특별시 강남구 논현동에 위치한 음식점으로 등록되어 있으며, PCMap의 '김밥나라 사당점'은 서울 서초구 방배동에 위치한 음식점으로 등록되어 있습니다. 도로명과 지번, 시·구·동 모두 다르며, 논현동 범위를 벗어난 것으로 확인됩니다. 따라서 같은 사업체 또는 지점으로 판단되지 않으며, 위치 범위가 다르므로 최종적으로 수용하지 않습니다.""}, {""rank"": 3, ""provider"": ""NAVER"", ""provider_rank"": 1, ""entity_match"": ""NO_MATCH"", ""business_type"": ""FOOD"", ""location_scope"": ""OUT_OF_SCOPE"", ""final_decision"": ""REJECT"", ""reason"": ""KOMSCO의 '김밥나라'는 서울특별시 강남구 논현동에 위치한 음식점으로 등록되어 있으며, PCMap의 '김밥나라 충무로점'은 서울특별시 중구 충무로3가에 위치한 분식점입니다. 도로명, 지번, 시·구·동, 좌표 등 주소 정보가 서로 다르며, 논현동 범위를 벗어난 것으로 확인됩니다. 따라서 같은 사업체 또는 지점으로 판단되지 않으며, 위치 범위가 다르므로 최종적으로 수용하지 않습니다.""}, {""rank"": 4, ""provider"": ""KAKAO"", ""provider_rank"": 1, ""entity_match"": ""NO_MATCH"", ""business_type"": ""FOOD"", ""location_scope"": ""OUT_OF_SCOPE"", ""final_decision"": ""REJECT"", ""reason"": ""KOMSCO의 '김밥나라'는 서울특별시 강남구 논현동에 위치한 음식점으로 등록되어 있으며, PCMap의 '김밥천국'은 서울 서초구 반포동에 위치한 분식점으로 등록되어 있습니다. 도로명(강남대로120길 vs 신반포로), 구(강남구 vs 서초구), 동(논현동 vs 반포동)이 모두 다르며, 주소 정보가 명확히 다른 것으로 확인됩니다. 따라서 같은 사업체로 판단할 수 없습니다. 또한, KOMSCO의 주소와 PCMap의 주소는 서로 다른 지역에 위치하고 있어, 논현동 범위에 포함되지 않습니다. 따라서 final_decision은 REJECT입니다.""}, {""rank"": 5, ""provider"": ""KAKAO"", ""provider_rank"": 3, ""entity_match"": ""NO_MATCH"", ""business_type"": ""FOOD"", ""location_scope"": ""OUT_OF_SCOPE"", ""final_decision"": ""REJECT"", ""reason"": ""KOMSCO 음식점 '김밥나라'는 서울특별시 강남구 논현동에 위치하고 있으나, PCMap 상세 음식점 '어묵나라 뚝섬점'은 서울 성동구 성수동에 위치하며, 도로명과 구역이 모두 다르다. 주소 정보가 명확히 다르므로 같은 사업체로 판단할 수 없다. 또한, '김밥나라'와 '어묵나라'는 서로 다른 브랜드로 보이며, 지점명과 주소 모두 일치하지 않으므로 entity_match는 NO_MATCH이다. 논현동 범위와는 다른 지역에 위치하므로 location_scope는 OUT_OF_SCOPE로 판단된다. 음식점으로 분류되지만, 주소와 지점명이 모두 다르므로 final_decision은 REJECT이다.""}]",1,5,,61687,,,REJECT,NOT_EXIST,komsco 정보 자체를 사용하지 않는걸로 결정,가게 없음,Reviewer: 가게 없음; do not use KOMSCO record.
9722,c8171f72d52e8df2543d7ff7165965fc,호두당 신사점,qwen3:8b,1,"[{""provider"": ""KAKAO"", ""rank"": 1, ""index"": 0}]",1,,MATCH,FOOD,IN_SCOPE,ACCEPT,"KOMSCO의 '호두당 신사점'과 PCMap의 '호두당'은 동일한 브랜드로 추정되며, 주소에서 '도산대로 지하 102'가 일치하고, '논현동'이 포함된 주소로 위치가 겹치는 것으로 보여 동일한 지점으로 판단됨. '음식점 > 간식' 카테고리로 음식점 적격성 확인. 주소와 이름의 일치로 entity_match를 MATCH로 판단하고, 논현동 범위 내이므로 location_scope는 IN_SCOPE. 모든 조건을 충족하므로 final_decision은 ACCEPT.","[{""rank"": 1, ""provider"": ""KAKAO"", ""provider_rank"": 1, ""entity_match"": ""MATCH"", ""business_type"": ""FOOD"", ""location_scope"": ""IN_SCOPE"", ""final_decision"": ""ACCEPT"", ""reason"": ""KOMSCO의 '호두당 신사점'과 PCMap의 '호두당'은 동일한 브랜드로 추정되며, 주소에서 '도산대로 지하 102'가 일치하고, '논현동'이 포함된 주소로 위치가 겹치는 것으로 보여 동일한 지점으로 판단됨. '음식점 > 간식' 카테고리로 음식점 적격성 확인. 주소와 이름의 일치로 entity_match를 MATCH로 판단하고, 논현동 범위 내이므로 location_scope는 IN_SCOPE. 모든 조건을 충족하므로 final_decision은 ACCEPT.""}]",1,1,,13274,,,REJECT,NOT_EXIST,komsco 정보 자체를 사용하지 않는걸로 결정,가게 없음,Reviewer: 가게 없음; do not use KOMSCO record.
9726,64bfcff15437895ed6cbd6c9bd790178,알잘딱깔센,qwen3:8b,1,"[{""provider"": ""NAVER"", ""rank"": 1, ""index"": 0}]",,,NO_MATCH,,,REJECT,"KOMSCO 음식점 '알잘딱깔센'은 서울특별시 강남구 논현동에 위치하고 있으며, PCMap 상세 음식점 '알잘딱깔센 르지'는 서울특별시 양천구 신정동에 위치하고 있습니다. 주소의 시·구·동이 모두 다르며, 도로명과 건물번호도 상이합니다. 또한, PCMap 상세의 카테고리는 '서비스,산업>컴퓨터프로그래밍,정보서비스업'으로, 음식점이 아닙니다. 따라서 이는 같은 사업체가 아니며, 음식점으로 분류될 수 없습니다. 주소와 업종이 모두 다르므로, entity_match는 NO_MATCH, business_type은 NON_FOOD, location_scope는 OUT_OF_SCOPE, final_decision는 REJECT로 판단됩니다.","[{""rank"": 1, ""provider"": ""NAVER"", ""provider_rank"": 1, ""entity_match"": ""NO_MATCH"", ""business_type"": ""NON_FOOD"", ""location_scope"": ""OUT_OF_SCOPE"", ""final_decision"": ""REJECT"", ""reason"": ""KOMSCO 음식점 '알잘딱깔센'은 서울특별시 강남구 논현동에 위치하고 있으며, PCMap 상세 음식점 '알잘딱깔센 르지'는 서울특별시 양천구 신정동에 위치하고 있습니다. 주소의 시·구·동이 모두 다르며, 도로명과 건물번호도 상이합니다. 또한, PCMap 상세의 카테고리는 '서비스,산업>컴퓨터프로그래밍,정보서비스업'으로, 음식점이 아닙니다. 따라서 이는 같은 사업체가 아니며, 음식점으로 분류될 수 없습니다. 주소와 업종이 모두 다르므로, entity_match는 NO_MATCH, business_type은 NON_FOOD, location_scope는 OUT_OF_SCOPE, final_decision는 REJECT로 판단됩니다.""}]",1,1,,21650,,,REJECT,NON_FOOD,komsco 정보 자체를 사용하지 않는걸로 결정,음식점이 아님,Reviewer: 음식점이 아님; do not use KOMSCO record.
9738,73ecb9ef9521fd867e83beeff538fdf2,오수양푼이동태탕,qwen3:8b,2,"[{""provider"": ""KAKAO"", ""rank"": 2, ""index"": 1}, {""provider"": ""KAKAO"", ""rank"": 1, ""index"": 0}]",2,,MATCH,FOOD,IN_SCOPE,ACCEPT,"KOMSCO와 PCMap 상세 모두 '오수양'이라는 브랜드명이 포함되어 있으며, 도로명 주소(논현로111길 18)가 완전히 일치하고, 논현동이라는 동이 포함되어 있어 위치 범위가 일치합니다. 또한, KOMSCO는 음식점으로 등록되어 있고, PCMap의 카테고리도 '음식점 > 한식 > 해물,생선'으로 음식점에 해당합니다. 주소와 이름의 일치로 실제 같은 사업체로 판단됩니다.","[{""rank"": 1, ""provider"": ""KAKAO"", ""provider_rank"": 2, ""entity_match"": ""MATCH"", ""business_type"": ""FOOD"", ""location_scope"": ""IN_SCOPE"", ""final_decision"": ""ACCEPT"", ""reason"": ""KOMSCO와 PCMap 상세 모두 '오수양'이라는 브랜드명이 포함되어 있으며, 도로명 주소(논현로111길 18)가 완전히 일치하고, 논현동이라는 동이 포함되어 있어 위치 범위가 일치합니다. 또한, KOMSCO는 음식점으로 등록되어 있고, PCMap의 카테고리도 '음식점 > 한식 > 해물,생선'으로 음식점에 해당합니다. 주소와 이름의 일치로 실제 같은 사업체로 판단됩니다.""}]",1,1,,21884,2,,ACCEPT,,,,Reviewed draft accepted.
9750,6bbe35c681ddf05895a74b466598acfb,종로떡폐백,qwen3:8b,3,"[{""provider"": ""KAKAO"", ""rank"": 1, ""index"": 0}, {""provider"": ""NAVER"", ""rank"": 1, ""index"": 1}, {""provider"": ""NAVER"", ""rank"": 2, ""index"": 2}]",1,,MATCH,FOOD,IN_SCOPE,ACCEPT,"KOMSCO의 '종로떡폐백'과 PCMap의 '종로떡집'은 떡 관련 음식점으로 분류되며, 주소에서 도로명 '강남대로124길 19'가 일치하고, '논현동'이 포함되어 동일한 지역 범위에 속함. 이름은 약간 다름이 있으나, 브랜드나 업종이 동일하고 주소가 일치함으로써 같은 지점으로 판단됨. 따라서 entity_match=MATCH, business_type=FOOD, location_scope=IN_SCOPE, final_decision=ACCEPT.","[{""rank"": 1, ""provider"": ""KAKAO"", ""provider_rank"": 1, ""entity_match"": ""MATCH"", ""business_type"": ""FOOD"", ""location_scope"": ""IN_SCOPE"", ""final_decision"": ""ACCEPT"", ""reason"": ""KOMSCO의 '종로떡폐백'과 PCMap의 '종로떡집'은 떡 관련 음식점으로 분류되며, 주소에서 도로명 '강남대로124길 19'가 일치하고, '논현동'이 포함되어 동일한 지역 범위에 속함. 이름은 약간 다름이 있으나, 브랜드나 업종이 동일하고 주소가 일치함으로써 같은 지점으로 판단됨. 따라서 entity_match=MATCH, business_type=FOOD, location_scope=IN_SCOPE, final_decision=ACCEPT.""}]",1,1,,22462,1,,ACCEPT,,,,Reviewed draft accepted.
9761,63b5b0be639f418bacd2904b75172483,도리토리본점,qwen3:8b,2,"[{""provider"": ""NAVER"", ""rank"": 1, ""index"": 1}, {""provider"": ""KAKAO"", ""rank"": 1, ""index"": 0}]",,1,MATCH,FOOD,IN_SCOPE,ACCEPT,"도로명주소와 이름이 유사하며, 논현동 범위 내에 위치함","[{""rank"": 1, ""provider"": ""NAVER"", ""provider_rank"": 1, ""entity_match"": ""MATCH"", ""business_type"": ""FOOD"", ""location_scope"": ""IN_SCOPE"", ""final_decision"": ""ACCEPT"", ""reason"": ""도로명주소와 이름이 유사하며, 논현동 범위 내에 위치함""}]",1,1,,28613,1,1,ACCEPT,,같은 매장이라고 봐도 무방,,Reviewer confirmed same store.
9763,2ed6c72256d7ed707b7a9176ce3739f9,noodle talk,qwen3:8b,1,"[{""provider"": ""KAKAO"", ""rank"": 1, ""index"": 0}]",1,,MATCH,FOOD,IN_SCOPE,ACCEPT,"KOMSCO의 'noodle talk'은 '누들톡 신논현역점'으로 명확히 지점명이 일치하며, 주소도 '봉은사로 지하 102'로 도로명이 일치합니다. 논현동이 포함된 주소로, 지점 위치가 동일합니다. 음식점으로 분류되어 있으며, 지점명과 주소가 일치하여 같은 사업체로 판단됩니다.","[{""rank"": 1, ""provider"": ""KAKAO"", ""provider_rank"": 1, ""entity_match"": ""MATCH"", ""business_type"": ""FOOD"", ""location_scope"": ""IN_SCOPE"", ""final_decision"": ""ACCEPT"", ""reason"": ""KOMSCO의 'noodle talk'은 '누들톡 신논현역점'으로 명확히 지점명이 일치하며, 주소도 '봉은사로 지하 102'로 도로명이 일치합니다. 논현동이 포함된 주소로, 지점 위치가 동일합니다. 음식점으로 분류되어 있으며, 지점명과 주소가 일치하여 같은 사업체로 판단됩니다.""}]",1,1,,19095,1,,ACCEPT,,,,Reviewed draft accepted.
9772,bea2bde91c804f96a699c37d71404a28,핫브레드 논현역점,qwen3:8b,3,"[{""provider"": ""KAKAO"", ""rank"": 1, ""index"": 0}, {""provider"": ""NAVER"", ""rank"": 1, ""index"": 2}, {""provider"": ""KAKAO"", ""rank"": 2, ""index"": 1}]",1,,MATCH,FOOD,IN_SCOPE,ACCEPT,"KOMSCO과 PCMap 상세 모두 '핫브레드 논현역점'이라는 동일한 지점명을 사용하고 있으며, 주소도 '논현동'이라는 핵심 지역명이 포함되어 있고, 도로명(학동로)과 건물번호(지하102)가 일치합니다. 또한, KOMSCO의 주소는 '논현동'에 해당하며, PCMap의 도로명주소도 '논현동'에 해당하는 '학동로 지하 102'로 명확히 일치합니다. 카테고리도 '음식점' 관련이므로 business_type은 FOOD로 판단됩니다. 따라서, 같은 지점으로 판단되며, final_decision은 ACCEPT입니다.","[{""rank"": 1, ""provider"": ""KAKAO"", ""provider_rank"": 1, ""entity_match"": ""MATCH"", ""business_type"": ""FOOD"", ""location_scope"": ""IN_SCOPE"", ""final_decision"": ""ACCEPT"", ""reason"": ""KOMSCO과 PCMap 상세 모두 '핫브레드 논현역점'이라는 동일한 지점명을 사용하고 있으며, 주소도 '논현동'이라는 핵심 지역명이 포함되어 있고, 도로명(학동로)과 건물번호(지하102)가 일치합니다. 또한, KOMSCO의 주소는 '논현동'에 해당하며, PCMap의 도로명주소도 '논현동'에 해당하는 '학동로 지하 102'로 명확히 일치합니다. 카테고리도 '음식점' 관련이므로 business_type은 FOOD로 판단됩니다. 따라서, 같은 지점으로 판단되며, final_decision은 ACCEPT입니다.""}]",1,1,,14640,1,1,ACCEPT,,,,Reviewed draft accepted.
9775,49ba7d653ad34a7806f948c086ffa139,일언족발,qwen3:8b,2,"[{""provider"": ""NAVER"", ""rank"": 1, ""index"": 1}, {""provider"": ""KAKAO"", ""rank"": 1, ""index"": 0}]",,1,MATCH,FOOD,IN_SCOPE,ACCEPT,"도로명주소와 KOMSCO 주소가 동일한 '봉은사로37길 11'이며, 논현동 범위 내에 위치함. 업종은 '한식>족발,보쌈'으로 음식점으로 분류됨. 이름도 일치하며, 좌표는 근접한 범위에 있음. 따라서 같은 사업체로 판단됨.","[{""rank"": 1, ""provider"": ""NAVER"", ""provider_rank"": 1, ""entity_match"": ""MATCH"", ""business_type"": ""FOOD"", ""location_scope"": ""IN_SCOPE"", ""final_decision"": ""ACCEPT"", ""reason"": ""도로명주소와 KOMSCO 주소가 동일한 '봉은사로37길 11'이며, 논현동 범위 내에 위치함. 업종은 '한식>족발,보쌈'으로 음식점으로 분류됨. 이름도 일치하며, 좌표는 근접한 범위에 있음. 따라서 같은 사업체로 판단됨.""}]",1,1,,21326,1,1,ACCEPT,,,,Reviewed draft accepted.
9787,eb55facccc6a5ab3eacda382443e07e8,한옥집 김치찜,qwen3:8b,9,"[{""provider"": ""NAVER"", ""rank"": 1, ""index"": 5}, {""provider"": ""KAKAO"", ""rank"": 1, ""index"": 0}, {""provider"": ""KAKAO"", ""rank"": 4, ""index"": 3}, {""provider"": ""NAVER"", ""rank"": 2, ""index"": 6}, {""provider"": ""KAKAO"", ""rank"": 2, ""index"": 1}]",,,NO_MATCH,,,REJECT,"주소의 시·구·도로명·건물번호가 모두 다르며, 지점명도 상이하여 다른 사업체로 판단됨; KOMSCO 음식점 '한옥집 김치찜'은 서울 강남구 언주로148길 6 1층에 위치하고 있으나, PCMap 상세 음식점 '한옥집김치찜 GFC몰점'은 서울 강남구 테헤란로 152에 위치하며, 도로명과 건물번호가 모두 다르고, 동일한 지점이 아님을 확인할 수 있다. 또한, KOMSCO의 주소와 PCMap의 주소는 서로 다른 지역으로, 논현동 범위에 해당하지 않으므로 location_scope는 OUT_OF_SCOPE로 판단된다. 따라서, 같은 사업체가 아니며, 주소와 지점이 다르므로 entity_match는 NO_MATCH로 판단된다. 음식점은 FOOD로 분류되나, 주소가 다르므로 final_decision은 REJECT로 결정된다.; KOMSCO 음식점 '한옥집 김치찜'은 서울특별시 강남구 언주로148길 6 1층에 위치하고 있으며, PCMap 상세 음식점 '한옥집김치찜 서대문본점'은 서울 서대문구 냉천동 20-1에 위치합니다. 도로명과 지번이 모두 다르며, 시·구·동 단위도 다르므로 같은 사업체로 판단할 수 없습니다. 또한, KOMSCO의 주소와 PCMap의 주소는 서로 다른 지역에 위치하고 있어 논현동 범위에 포함되지 않습니다. 따라서 entity_match는 NO_MATCH이며, location_scope는 OUT_OF_SCOPE로 판단됩니다. 음식점으로 분류되지만, 주소와 지점이 다르므로 final_decision은 REJECT입니다.; 도로명과 건물번호가 다르며, 지점명과 주소가 명백히 다른 지점으로 판단됨; 주소와 지점명이 모두 다르며, 논현동 범위를 벗어남","[{""rank"": 1, ""provider"": ""NAVER"", ""provider_rank"": 1, ""entity_match"": ""NO_MATCH"", ""business_type"": ""FOOD"", ""location_scope"": ""OUT_OF_SCOPE"", ""final_decision"": ""REJECT"", ""reason"": ""주소의 시·구·도로명·건물번호가 모두 다르며, 지점명도 상이하여 다른 사업체로 판단됨""}, {""rank"": 2, ""provider"": ""KAKAO"", ""provider_rank"": 1, ""entity_match"": ""NO_MATCH"", ""business_type"": ""FOOD"", ""location_scope"": ""OUT_OF_SCOPE"", ""final_decision"": ""REJECT"", ""reason"": ""KOMSCO 음식점 '한옥집 김치찜'은 서울 강남구 언주로148길 6 1층에 위치하고 있으나, PCMap 상세 음식점 '한옥집김치찜 GFC몰점'은 서울 강남구 테헤란로 152에 위치하며, 도로명과 건물번호가 모두 다르고, 동일한 지점이 아님을 확인할 수 있다. 또한, KOMSCO의 주소와 PCMap의 주소는 서로 다른 지역으로, 논현동 범위에 해당하지 않으므로 location_scope는 OUT_OF_SCOPE로 판단된다. 따라서, 같은 사업체가 아니며, 주소와 지점이 다르므로 entity_match는 NO_MATCH로 판단된다. 음식점은 FOOD로 분류되나, 주소가 다르므로 final_decision은 REJECT로 결정된다.""}, {""rank"": 3, ""provider"": ""KAKAO"", ""provider_rank"": 4, ""entity_match"": ""NO_MATCH"", ""business_type"": ""FOOD"", ""location_scope"": ""OUT_OF_SCOPE"", ""final_decision"": ""REJECT"", ""reason"": ""KOMSCO 음식점 '한옥집 김치찜'은 서울특별시 강남구 언주로148길 6 1층에 위치하고 있으며, PCMap 상세 음식점 '한옥집김치찜 서대문본점'은 서울 서대문구 냉천동 20-1에 위치합니다. 도로명과 지번이 모두 다르며, 시·구·동 단위도 다르므로 같은 사업체로 판단할 수 없습니다. 또한, KOMSCO의 주소와 PCMap의 주소는 서로 다른 지역에 위치하고 있어 논현동 범위에 포함되지 않습니다. 따라서 entity_match는 NO_MATCH이며, location_scope는 OUT_OF_SCOPE로 판단됩니다. 음식점으로 분류되지만, 주소와 지점이 다르므로 final_decision은 REJECT입니다.""}, {""rank"": 4, ""provider"": ""NAVER"", ""provider_rank"": 2, ""entity_match"": ""NO_MATCH"", ""business_type"": ""FOOD"", ""location_scope"": ""OUT_OF_SCOPE"", ""final_decision"": ""REJECT"", ""reason"": ""도로명과 건물번호가 다르며, 지점명과 주소가 명백히 다른 지점으로 판단됨""}, {""rank"": 5, ""provider"": ""KAKAO"", ""provider_rank"": 2, ""entity_match"": ""NO_MATCH"", ""business_type"": ""FOOD"", ""location_scope"": ""OUT_OF_SCOPE"", ""final_decision"": ""REJECT"", ""reason"": ""주소와 지점명이 모두 다르며, 논현동 범위를 벗어남""}]",1,5,,111621,,,REJECT,OUT_OF_SCOPE,"네이버상 역삼역으로 나옴, 정보 사용하지 않음",논현이 아님,"Reviewer: 네이버상 역삼역, 논현이 아님."
9799,bfbdf58e6f501d52f66c0d2e3dcf64e6,술이 그린 밤,qwen3:8b,4,"[{""provider"": ""NAVER"", ""rank"": 1, ""index"": 2}, {""provider"": ""KAKAO"", ""rank"": 1, ""index"": 0}, {""provider"": ""NAVER"", ""rank"": 2, ""index"": 3}, {""provider"": ""KAKAO"", ""rank"": 2, ""index"": 1}]",,1,MATCH,FOOD,IN_SCOPE,ACCEPT,"도로명주소(강남대로124길 3-6)와 KOMSCO 주소(강남대로124길 3-6)가 완전 일치하며, 논현동 범위 내에 위치함. 카테고리도 '술집', '요리주점'으로 음식점으로 분류됨. 주소와 이름이 일치하여 같은 사업체로 판단됨.","[{""rank"": 1, ""provider"": ""NAVER"", ""provider_rank"": 1, ""entity_match"": ""MATCH"", ""business_type"": ""FOOD"", ""location_scope"": ""IN_SCOPE"", ""final_decision"": ""ACCEPT"", ""reason"": ""도로명주소(강남대로124길 3-6)와 KOMSCO 주소(강남대로124길 3-6)가 완전 일치하며, 논현동 범위 내에 위치함. 카테고리도 '술집', '요리주점'으로 음식점으로 분류됨. 주소와 이름이 일치하여 같은 사업체로 판단됨.""}]",1,1,,22471,1,1,ACCEPT,,,,Reviewed draft accepted.
9807,c3cf4ce0e1ad31be42f903b5c938ed03,(주)마리킹 신사역점,qwen3:8b,0,,,,,,,,no candidates supplied,[],0,0,evaluation_error,0,,,REJECT,NOT_EXIST,komsco 정보 자체를 사용하지 않는걸로 결정,가게 없음,Reviewer: 가게 없음; do not use KOMSCO record.
9812,c57f70384745663fc8740d4ed332501f,테이블105,qwen3:8b,6,"[{""provider"": ""KAKAO"", ""rank"": 1, ""index"": 0}, {""provider"": ""NAVER"", ""rank"": 1, ""index"": 1}, {""provider"": ""NAVER"", ""rank"": 2, ""index"": 2}, {""provider"": ""NAVER"", ""rank"": 3, ""index"": 3}, {""provider"": ""NAVER"", ""rank"": 4, ""index"": 4}]",1,,MATCH,FOOD,IN_SCOPE,ACCEPT,"KOMSCO과 PCMap 상세 모두 '테이블105'라는 이름을 공유하며, 주소도 '도산대로26길 11'이라는 도로명과 건물번호가 일치합니다. '논현동'이라는 동도 포함되어 있어 위치 범위가 일치합니다. 카테고리도 '음식점' 관련이므로 business_type은 FOOD로 판단됩니다. 좌표도 매우 유사하여 동일한 사업체로 판단됩니다. 다만, KOMSCO의 주소에 '1층 테이블105'라는 세부 정보가 포함되어 있지만, PCMap에서는 생략되었으나, 이는 주소의 핵심 정보가 일치함을 반영합니다. 따라서 entity_match는 MATCH로 판단되며, final_decision은 ACCEPT입니다.","[{""rank"": 1, ""provider"": ""KAKAO"", ""provider_rank"": 1, ""entity_match"": ""MATCH"", ""business_type"": ""FOOD"", ""location_scope"": ""IN_SCOPE"", ""final_decision"": ""ACCEPT"", ""reason"": ""KOMSCO과 PCMap 상세 모두 '테이블105'라는 이름을 공유하며, 주소도 '도산대로26길 11'이라는 도로명과 건물번호가 일치합니다. '논현동'이라는 동도 포함되어 있어 위치 범위가 일치합니다. 카테고리도 '음식점' 관련이므로 business_type은 FOOD로 판단됩니다. 좌표도 매우 유사하여 동일한 사업체로 판단됩니다. 다만, KOMSCO의 주소에 '1층 테이블105'라는 세부 정보가 포함되어 있지만, PCMap에서는 생략되었으나, 이는 주소의 핵심 정보가 일치함을 반영합니다. 따라서 entity_match는 MATCH로 판단되며, final_decision은 ACCEPT입니다.""}]",1,1,,15786,1,1,ACCEPT,,,,Reviewed draft accepted.
9823,0909c94196d2d06061c36a4a095c95c4,방일해장국,qwen3:8b,7,"[{""provider"": ""KAKAO"", ""rank"": 1, ""index"": 0}, {""provider"": ""NAVER"", ""rank"": 2, ""index"": 6}, {""provider"": ""KAKAO"", ""rank"": 3, ""index"": 2}, {""provider"": ""NAVER"", ""rank"": 1, ""index"": 5}, {""provider"": ""KAKAO"", ""rank"": 4, ""index"": 3}]",1,,MATCH,FOOD,IN_SCOPE,ACCEPT,"KOMSCO와 PCMap 상세 모두 '방일해장국'이라는 상호명을 사용하며, 주소는 도로명(봉은사로37길 31)이 동일하고, 논현동이라는 동이 포함되어 있어 위치 범위가 일치합니다. 카테고리도 '음식점 > 한식 > 해장국'으로 음식점으로 분류되어 있으며, 좌표도 매우 가까운 범위에 있습니다. 따라서 같은 사업체로 판단됩니다.","[{""rank"": 1, ""provider"": ""KAKAO"", ""provider_rank"": 1, ""entity_match"": ""MATCH"", ""business_type"": ""FOOD"", ""location_scope"": ""IN_SCOPE"", ""final_decision"": ""ACCEPT"", ""reason"": ""KOMSCO와 PCMap 상세 모두 '방일해장국'이라는 상호명을 사용하며, 주소는 도로명(봉은사로37길 31)이 동일하고, 논현동이라는 동이 포함되어 있어 위치 범위가 일치합니다. 카테고리도 '음식점 > 한식 > 해장국'으로 음식점으로 분류되어 있으며, 좌표도 매우 가까운 범위에 있습니다. 따라서 같은 사업체로 판단됩니다.""}]",1,1,,23282,1,2,ACCEPT,,,,Reviewed draft accepted.
9835,8830d80cc1023ec640de6a0d4ae86148,보전식당,qwen3:8b,4,"[{""provider"": ""KAKAO"", ""rank"": 1, ""index"": 0}, {""provider"": ""NAVER"", ""rank"": 1, ""index"": 1}, {""provider"": ""NAVER"", ""rank"": 2, ""index"": 2}, {""provider"": ""NAVER"", ""rank"": 3, ""index"": 3}]",1,,MATCH,FOOD,IN_SCOPE,ACCEPT,"KOMSCO와 PCMap 상세 모두 '보전식당'이라는 이름으로 등록되어 있으며, 주소는 도로명 기준으로 '언주로 725'로 일치합니다. '논현동'은 강남구 내 동 이름으로, KOMSCO 주소에 포함된 '강남구'와 일치하며, PCMap의 '논현동'은 해당 지역 범위에 포함됩니다. 카테고리도 '음식점' 및 '한식'으로 일치하며, 좌표도 매우 가까운 위치를 나타냅니다. 따라서 같은 사업체로 판단되며, 음식점으로 분류되어 최종 수용합니다.","[{""rank"": 1, ""provider"": ""KAKAO"", ""provider_rank"": 1, ""entity_match"": ""MATCH"", ""business_type"": ""FOOD"", ""location_scope"": ""IN_SCOPE"", ""final_decision"": ""ACCEPT"", ""reason"": ""KOMSCO와 PCMap 상세 모두 '보전식당'이라는 이름으로 등록되어 있으며, 주소는 도로명 기준으로 '언주로 725'로 일치합니다. '논현동'은 강남구 내 동 이름으로, KOMSCO 주소에 포함된 '강남구'와 일치하며, PCMap의 '논현동'은 해당 지역 범위에 포함됩니다. 카테고리도 '음식점' 및 '한식'으로 일치하며, 좌표도 매우 가까운 위치를 나타냅니다. 따라서 같은 사업체로 판단되며, 음식점으로 분류되어 최종 수용합니다.""}]",1,1,,20893,1,1,ACCEPT,,,,Reviewed draft accepted.
9847,fd05bc55fa6d805c0e03a179a7f2793d,풍천장어,qwen3:8b,7,"[{""provider"": ""KAKAO"", ""rank"": 1, ""index"": 0}, {""provider"": ""KAKAO"", ""rank"": 4, ""index"": 3}, {""provider"": ""NAVER"", ""rank"": 2, ""index"": 6}, {""provider"": ""KAKAO"", ""rank"": 2, ""index"": 1}, {""provider"": ""NAVER"", ""rank"": 1, ""index"": 5}]",1,,MATCH,FOOD,IN_SCOPE,ACCEPT,"KOMSCO의 '풍천장어'와 PCMap의 '풍천장어 논현역점'은 동일한 브랜드이며, 도로명주소 '서울 강남구 학동로2길 40'이 일치하고, 논현동 범위에 포함되어 있음. 주소와 이름의 일치로 실제 같은 지점으로 판단됨. 카테고리도 '음식점' 관련이므로 business_type은 FOOD로 판단됨.","[{""rank"": 1, ""provider"": ""KAKAO"", ""provider_rank"": 1, ""entity_match"": ""MATCH"", ""business_type"": ""FOOD"", ""location_scope"": ""IN_SCOPE"", ""final_decision"": ""ACCEPT"", ""reason"": ""KOMSCO의 '풍천장어'와 PCMap의 '풍천장어 논현역점'은 동일한 브랜드이며, 도로명주소 '서울 강남구 학동로2길 40'이 일치하고, 논현동 범위에 포함되어 있음. 주소와 이름의 일치로 실제 같은 지점으로 판단됨. 카테고리도 '음식점' 관련이므로 business_type은 FOOD로 판단됨.""}]",1,1,,21073,1,,ACCEPT,,,,Reviewed draft accepted.
9859,3eb9e37bfeca2f6f24d0e42b803eec64,탕탕미엔,qwen3:8b,0,,,,,,,,no candidates supplied,[],0,0,evaluation_error,0,,,REJECT,NOT_EXIST,komsco 정보 자체를 사용하지 않는걸로 결정,가게 없음,Reviewer: 가게 없음; do not use KOMSCO record.
9871,c483220b6c5ae036f49df8caefbd1390,나주곰탕,qwen3:8b,8,"[{""provider"": ""KAKAO"", ""rank"": 1, ""index"": 0}, {""provider"": ""KAKAO"", ""rank"": 2, ""index"": 1}, {""provider"": ""KAKAO"", ""rank"": 4, ""index"": 3}, {""provider"": ""KAKAO"", ""rank"": 3, ""index"": 2}, {""provider"": ""KAKAO"", ""rank"": 5, ""index"": 4}]",1,,MATCH,FOOD,IN_SCOPE,ACCEPT,"도로명주소와 주소가 일치하며, 동일한 논현동 범위 내에 위치하고, 음식점으로 분류됨","[{""rank"": 1, ""provider"": ""KAKAO"", ""provider_rank"": 1, ""entity_match"": ""MATCH"", ""business_type"": ""FOOD"", ""location_scope"": ""IN_SCOPE"", ""final_decision"": ""ACCEPT"", ""reason"": ""도로명주소와 주소가 일치하며, 동일한 논현동 범위 내에 위치하고, 음식점으로 분류됨""}]",1,1,,35290,1,,ACCEPT,,같은 매장이라고 봐도 무방,나주곰탕' 이라는 매장임. 직접 방문함,Reviewer confirmed same store and personally visited.
9882,2f05f1516bbc8848871e5971806a33e5,학동부대,qwen3:8b,8,"[{""provider"": ""NAVER"", ""rank"": 1, ""index"": 5}, {""provider"": ""KAKAO"", ""rank"": 1, ""index"": 0}, {""provider"": ""KAKAO"", ""rank"": 2, ""index"": 1}, {""provider"": ""KAKAO"", ""rank"": 3, ""index"": 2}, {""provider"": ""KAKAO"", ""rank"": 4, ""index"": 3}]",,1,MATCH,FOOD,IN_SCOPE,ACCEPT,"도로명주소와 이름이 일치하며, 논현동 범위 내에 위치함","[{""rank"": 1, ""provider"": ""NAVER"", ""provider_rank"": 1, ""entity_match"": ""MATCH"", ""business_type"": ""FOOD"", ""location_scope"": ""IN_SCOPE"", ""final_decision"": ""ACCEPT"", ""reason"": ""도로명주소와 이름이 일치하며, 논현동 범위 내에 위치함""}]",1,1,,32135,1,1,ACCEPT,,,,Reviewed draft accepted.
9894,e31758f89046a5a74f396c47dd870449,반포식스 논현점,qwen3:8b,2,"[{""provider"": ""KAKAO"", ""rank"": 1, ""index"": 0}, {""provider"": ""NAVER"", ""rank"": 1, ""index"": 1}]",1,,MATCH,FOOD,IN_SCOPE,ACCEPT,"KOMSCO와 PCMap 상세 모두 '반포식스 논현점'이라는 동일한 지점명을 사용하고 있으며, 주소도 '강남대로118길 51'이라는 도로명과 건물번호가 일치합니다. 논현동이라는 동이 포함되어 있어 위치 범위도 일치합니다. 카테고리도 '음식점 > 아시아음식 > 동남아음식'으로 음식점으로 분류되어 있습니다. 따라서 같은 사업체/지점으로 판단되며, 음식점으로 분류되어 최종 수용합니다.","[{""rank"": 1, ""provider"": ""KAKAO"", ""provider_rank"": 1, ""entity_match"": ""MATCH"", ""business_type"": ""FOOD"", ""location_scope"": ""IN_SCOPE"", ""final_decision"": ""ACCEPT"", ""reason"": ""KOMSCO와 PCMap 상세 모두 '반포식스 논현점'이라는 동일한 지점명을 사용하고 있으며, 주소도 '강남대로118길 51'이라는 도로명과 건물번호가 일치합니다. 논현동이라는 동이 포함되어 있어 위치 범위도 일치합니다. 카테고리도 '음식점 > 아시아음식 > 동남아음식'으로 음식점으로 분류되어 있습니다. 따라서 같은 사업체/지점으로 판단되며, 음식점으로 분류되어 최종 수용합니다.""}]",1,1,,21714,1,1,ACCEPT,,,,Reviewed draft accepted.
9906,35a963ca448e97773c3dc97915dab301,케이디,qwen3:8b,10,"[{""provider"": ""NAVER"", ""rank"": 4, ""index"": 8}, {""provider"": ""KAKAO"", ""rank"": 2, ""index"": 1}, {""provider"": ""KAKAO"", ""rank"": 4, ""index"": 3}, {""provider"": ""NAVER"", ""rank"": 1, ""index"": 5}, {""provider"": ""NAVER"", ""rank"": 5, ""index"": 9}]",,,NO_MATCH,,,REJECT,"KOMSCO의 '케이디'는 음식점으로 등록되어 있으나, PCMap의 'KDgraphy'는 '생활,편의>사진,스튜디오'로 분류되어 비음식 업종에 해당합니다. 주소는 논현동 내에 있으나, 업종이 다르므로 business_type=NON_FOOD로 판단됩니다. 따라서 final_decision=REJECT입니다.; PCMap의 카테고리가 제조업 섬유 직물,원단으로 음식점이 아님; KOMSCO의 '케이디'는 음식점으로 등록되어 있으나, PCMap의 '케이디클리닉'은 '의료,건강 > 병원 > 내과'로 분류되어 비음식 업종입니다. 또한, 주소도 서로 다르며, 도로명(학동로43길 vs 압구정로), 건물번호(38 vs 152), 동(논현동 vs 신사동) 등이 일치하지 않아 같은 사업체로 판단할 수 없습니다. 따라서 entity_match는 NO_MATCH이며, business_type은 NON_FOOD로 분류됩니다. 논현동 범위와는 맞지 않으므로 location_scope는 OUT_OF_SCOPE로 판단되며, 최종적으로 REJECT합니다.; KOMSCO 음식점 '케이디'는 서울특별시 강남구 논현동에 위치한 음식점으로, 도로명 주소는 '학동로43길 38'이며, PCMap 상세 음식점 '라온케이디'는 서울특별시 용산구 후암동에 위치한 제조업(근무복,작업복제작) 업종입니다. 주소, 업종, 위치 모두 명백히 다르며, 동일한 사업체로 판단할 수 없습니다. 또한, KOMSCO의 음식점이더라도 PCMap의 category가 제조업으로 명확히 분류되어 음식점으로 간주할 수 없습니다. 따라서 entity_match는 NO_MATCH, business_type은 NON_FOOD, location_scope는 OUT_OF_SCOPE, final_decision은 REJECT로 판단합니다.; KOMSCO 음식점 '케이디'와 PCMap 상세 '경동모터스'는 주소, 업종, 위치 등에서 명백히 다른 사업체입니다. KOMSCO의 주소는 논현동에 위치한 지하 1층 B141호이며, PCMap의 주소는 신사동에 위치한 언주로 844로, 동이 다릅니다. 또한, PCMap의 카테고리는 '쇼핑,유통>자동차'로, 음식점이 아닙니다. 따라서 business_type이 NON_FOOD이며, location_scope도 OUT_OF_SCOPE입니다. 이로 인해 final_decision은 REJECT입니다.","[{""rank"": 1, ""provider"": ""NAVER"", ""provider_rank"": 4, ""entity_match"": ""NO_MATCH"", ""business_type"": ""NON_FOOD"", ""location_scope"": ""IN_SCOPE"", ""final_decision"": ""REJECT"", ""reason"": ""KOMSCO의 '케이디'는 음식점으로 등록되어 있으나, PCMap의 'KDgraphy'는 '생활,편의>사진,스튜디오'로 분류되어 비음식 업종에 해당합니다. 주소는 논현동 내에 있으나, 업종이 다르므로 business_type=NON_FOOD로 판단됩니다. 따라서 final_decision=REJECT입니다.""}, {""rank"": 2, ""provider"": ""KAKAO"", ""provider_rank"": 2, ""entity_match"": ""NO_MATCH"", ""business_type"": ""NON_FOOD"", ""location_scope"": ""OUT_OF_SCOPE"", ""final_decision"": ""REJECT"", ""reason"": ""PCMap의 카테고리가 제조업 섬유 직물,원단으로 음식점이 아님""}, {""rank"": 3, ""provider"": ""KAKAO"", ""provider_rank"": 4, ""entity_match"": ""NO_MATCH"", ""business_type"": ""NON_FOOD"", ""location_scope"": ""OUT_OF_SCOPE"", ""final_decision"": ""REJECT"", ""reason"": ""KOMSCO의 '케이디'는 음식점으로 등록되어 있으나, PCMap의 '케이디클리닉'은 '의료,건강 > 병원 > 내과'로 분류되어 비음식 업종입니다. 또한, 주소도 서로 다르며, 도로명(학동로43길 vs 압구정로), 건물번호(38 vs 152), 동(논현동 vs 신사동) 등이 일치하지 않아 같은 사업체로 판단할 수 없습니다. 따라서 entity_match는 NO_MATCH이며, business_type은 NON_FOOD로 분류됩니다. 논현동 범위와는 맞지 않으므로 location_scope는 OUT_OF_SCOPE로 판단되며, 최종적으로 REJECT합니다.""}, {""rank"": 4, ""provider"": ""NAVER"", ""provider_rank"": 1, ""entity_match"": ""NO_MATCH"", ""business_type"": ""NON_FOOD"", ""location_scope"": ""OUT_OF_SCOPE"", ""final_decision"": ""REJECT"", ""reason"": ""KOMSCO 음식점 '케이디'는 서울특별시 강남구 논현동에 위치한 음식점으로, 도로명 주소는 '학동로43길 38'이며, PCMap 상세 음식점 '라온케이디'는 서울특별시 용산구 후암동에 위치한 제조업(근무복,작업복제작) 업종입니다. 주소, 업종, 위치 모두 명백히 다르며, 동일한 사업체로 판단할 수 없습니다. 또한, KOMSCO의 음식점이더라도 PCMap의 category가 제조업으로 명확히 분류되어 음식점으로 간주할 수 없습니다. 따라서 entity_match는 NO_MATCH, business_type은 NON_FOOD, location_scope는 OUT_OF_SCOPE, final_decision은 REJECT로 판단합니다.""}, {""rank"": 5, ""provider"": ""NAVER"", ""provider_rank"": 5, ""entity_match"": ""NO_MATCH"", ""business_type"": ""NON_FOOD"", ""location_scope"": ""OUT_OF_SCOPE"", ""final_decision"": ""REJECT"", ""reason"": ""KOMSCO 음식점 '케이디'와 PCMap 상세 '경동모터스'는 주소, 업종, 위치 등에서 명백히 다른 사업체입니다. KOMSCO의 주소는 논현동에 위치한 지하 1층 B141호이며, PCMap의 주소는 신사동에 위치한 언주로 844로, 동이 다릅니다. 또한, PCMap의 카테고리는 '쇼핑,유통>자동차'로, 음식점이 아닙니다. 따라서 business_type이 NON_FOOD이며, location_scope도 OUT_OF_SCOPE입니다. 이로 인해 final_decision은 REJECT입니다.""}]",1,5,,100091,,,REJECT,NON_FOOD,komsco 정보 자체를 사용하지 않는걸로 결정,사진 스튜디오임,Reviewer: 사진 스튜디오임.
9918,95b8bb04d23df7348f2020b18f18cf81,하남돼지집 학동역점,qwen3:8b,2,"[{""provider"": ""KAKAO"", ""rank"": 1, ""index"": 0}, {""provider"": ""NAVER"", ""rank"": 1, ""index"": 1}]",1,,MATCH,FOOD,IN_SCOPE,ACCEPT,"KOMSCO와 PCMap 상세 모두 '하남돼지집 학동역점'이라는 동일한 지점명을 사용하고 있으며, 주소도 '언주로133길 18'이라는 도로명과 건물번호가 일치합니다. '논현동'이라는 동도 일치하여 위치 범위가 동일합니다. 카테고리도 '음식점' 및 '삼겹살' 등 음식점 관련 분류로 명확히 분류되어 있습니다. 따라서 같은 사업체/지점으로 판단되며, 음식점으로 분류되어 최종 수용합니다.","[{""rank"": 1, ""provider"": ""KAKAO"", ""provider_rank"": 1, ""entity_match"": ""MATCH"", ""business_type"": ""FOOD"", ""location_scope"": ""IN_SCOPE"", ""final_decision"": ""ACCEPT"", ""reason"": ""KOMSCO와 PCMap 상세 모두 '하남돼지집 학동역점'이라는 동일한 지점명을 사용하고 있으며, 주소도 '언주로133길 18'이라는 도로명과 건물번호가 일치합니다. '논현동'이라는 동도 일치하여 위치 범위가 동일합니다. 카테고리도 '음식점' 및 '삼겹살' 등 음식점 관련 분류로 명확히 분류되어 있습니다. 따라서 같은 사업체/지점으로 판단되며, 음식점으로 분류되어 최종 수용합니다.""}]",1,1,,21169,1,1,ACCEPT,,,,Reviewed draft accepted.
9930,57c7678df9e733852ed9f0fd4edff173,텐트리키친,qwen3:8b,2,"[{""provider"": ""KAKAO"", ""rank"": 1, ""index"": 0}, {""provider"": ""NAVER"", ""rank"": 1, ""index"": 1}]",1,,MATCH,FOOD,IN_SCOPE,ACCEPT,"KOMSCO와 PCMap 상세 모두 '텐트리키친'이라는 동일한 이름을 가지고 있으며, 주소도 '서울 강남구 학동로4길 35'와 '서울 강남구 논현동 145-16'로 도로명과 구·동이 일치하며, 논현동 범위에 해당합니다. 또한, 카테고리가 '음식점 > 한식'으로 음식점으로 분류되어 있으며, 좌표도 매우 가까운 위치를 나타냅니다. 따라서 같은 사업체로 판단되며, 음식점으로 분류되어 논현동 범위에 해당하므로 최종 수용합니다.","[{""rank"": 1, ""provider"": ""KAKAO"", ""provider_rank"": 1, ""entity_match"": ""MATCH"", ""business_type"": ""FOOD"", ""location_scope"": ""IN_SCOPE"", ""final_decision"": ""ACCEPT"", ""reason"": ""KOMSCO와 PCMap 상세 모두 '텐트리키친'이라는 동일한 이름을 가지고 있으며, 주소도 '서울 강남구 학동로4길 35'와 '서울 강남구 논현동 145-16'로 도로명과 구·동이 일치하며, 논현동 범위에 해당합니다. 또한, 카테고리가 '음식점 > 한식'으로 음식점으로 분류되어 있으며, 좌표도 매우 가까운 위치를 나타냅니다. 따라서 같은 사업체로 판단되며, 음식점으로 분류되어 논현동 범위에 해당하므로 최종 수용합니다.""}]",1,1,,21500,1,1,ACCEPT,,,,Reviewed draft accepted.
9941,37f084cf60b613f6bfad18dab89d5f04,본죽본죽&비빔밥 강남구청역점,qwen3:8b,2,"[{""provider"": ""NAVER"", ""rank"": 1, ""index"": 1}, {""provider"": ""KAKAO"", ""rank"": 1, ""index"": 0}]",,1,MATCH,FOOD,IN_SCOPE,ACCEPT,"도로명주소와 주소가 동일하며, 카테고리도 음식점으로 일치","[{""rank"": 1, ""provider"": ""NAVER"", ""provider_rank"": 1, ""entity_match"": ""MATCH"", ""business_type"": ""FOOD"", ""location_scope"": ""IN_SCOPE"", ""final_decision"": ""ACCEPT"", ""reason"": ""도로명주소와 주소가 동일하며, 카테고리도 음식점으로 일치""}]",1,1,,31326,1,1,ACCEPT,,,,Reviewed draft accepted.
9953,03c0ac11e11ec4172d42f322a0a5d03b,빨간떡볶이,qwen3:8b,6,"[{""provider"": ""KAKAO"", ""rank"": 1, ""index"": 0}, {""provider"": ""KAKAO"", ""rank"": 2, ""index"": 1}, {""provider"": ""KAKAO"", ""rank"": 5, ""index"": 4}, {""provider"": ""NAVER"", ""rank"": 1, ""index"": 5}, {""provider"": ""KAKAO"", ""rank"": 4, ""index"": 3}]",1,,MATCH,FOOD,IN_SCOPE,ACCEPT,"KOMSCO의 '빨간떡볶이'와 PCMap의 '논현동빨간떡볶이'는 동일한 브랜드로 추정되며, 주소는 도로명(강남대로118길 62)이 완전히 일치하고, 좌표도 동일합니다. 논현동 범위 내에 위치하므로 location_scope는 IN_SCOPE입니다. 음식점으로 분류되어 있고, 정보가 충분히 일치하므로 entity_match는 MATCH로 판단되며, 최종적으로 ACCEPT합니다.","[{""rank"": 1, ""provider"": ""KAKAO"", ""provider_rank"": 1, ""entity_match"": ""MATCH"", ""business_type"": ""FOOD"", ""location_scope"": ""IN_SCOPE"", ""final_decision"": ""ACCEPT"", ""reason"": ""KOMSCO의 '빨간떡볶이'와 PCMap의 '논현동빨간떡볶이'는 동일한 브랜드로 추정되며, 주소는 도로명(강남대로118길 62)이 완전히 일치하고, 좌표도 동일합니다. 논현동 범위 내에 위치하므로 location_scope는 IN_SCOPE입니다. 음식점으로 분류되어 있고, 정보가 충분히 일치하므로 entity_match는 MATCH로 판단되며, 최종적으로 ACCEPT합니다.""}]",1,1,,23891,1,,ACCEPT,,,,Reviewed draft accepted.
9965,4241c8c0d183b51f738d8e20dc147165,마구로다찌,qwen3:8b,4,"[{""provider"": ""KAKAO"", ""rank"": 1, ""index"": 0}, {""provider"": ""NAVER"", ""rank"": 1, ""index"": 1}, {""provider"": ""NAVER"", ""rank"": 2, ""index"": 2}, {""provider"": ""NAVER"", ""rank"": 3, ""index"": 3}]",,,NO_MATCH,,,REJECT,"KOMSCO의 '마구로다찌'는 서울시 강남구 논현동에 위치하고 있으나, PCMap의 '마구로다찌'는 경기 부천시 원미구에 위치하며, 도로명(언주로150길 vs 신흥로), 시·구·동, 건물번호 등 주소 정보가 명백히 다르다. 또한, KOMSCO의 주소에 '논현동'이 포함되어 있어 논현동 범위 내이지만, PCMap의 주소는 논현동 범위 외이다. 따라서 같은 사업체로 판단할 수 없으며, 주소 차이로 인해 location_scope가 OUT_OF_SCOPE로 판단된다. 주소가 명백히 다르고, 지점이 다르므로 entity_match는 NO_MATCH이며, final_decision은 REJECT이다.; KOMSCO의 '마구로다찌'는 서울시 강남구 논현동에 위치하고 있으나, PCMap의 '마구로다찌'는 경기도 부천시 원미구 신흥로 140에 위치하며, 도로명, 시·구·동, 건물번호 등 주소 정보가 명백히 다르다. 또한, KOMSCO의 주소에 '논현동'이 포함되어 있어 논현동 범위에 속하지만, PCMap의 주소는 논현동 범위를 벗어난다. 따라서 같은 사업체로 판단할 수 없으며, 주소가 다르므로 location_scope는 OUT_OF_SCOPE로 판단된다. 주소가 다르고, 지점이 다르므로 entity_match는 NO_MATCH로 판단된다. business_type은 '음식점'으로 명확하므로 FOOD로 판단되나, 주소가 다르므로 final_decision은 REJECT로 판단된다.; KOMSCO의 '마구로다찌'는 서울시 강남구 논현동에 위치한 음식점으로, PCMap의 '다찌참치&활어초밥'은 인천광역시 연수구에 위치하며, 도로명, 시·구·동, 좌표 등이 모두 다르므로 같은 사업체로 판단할 수 없습니다. 또한, 주소 정보가 명확히 다른 지점으로 확인되므로, 논현동 범위에 해당하지 않아 OUT_OF_SCOPE로 판단됩니다. 비록 음식점으로 분류되더라도 주소와 위치가 다르므로 최종적으로 REJECT 처리합니다.; KOMSCO의 '마구로다찌'는 서울시 강남구 논현동에 위치한 음식점으로, PCMap의 '하루참치'는 부산광역시 해운대구 우동에 위치한 음식점입니다. 도로명, 시, 구, 동, 건물번호 등 주소 정보가 모두 다르며, 지점명도 달라 실제 같은 사업체로 판단할 수 없습니다. 또한, KOMSCO의 주소는 논현동 범위에 속하지만, PCMap의 주소는 논현동 범위를 벗어나므로 location_scope는 OUT_OF_SCOPE입니다. 주소 정보가 명확히 다르고, 지점명도 다르므로 entity_match는 NO_MATCH로 판단됩니다. 음식점으로 분류되지만, 주소가 다르므로 final_decision은 REJECT입니다.","[{""rank"": 1, ""provider"": ""KAKAO"", ""provider_rank"": 1, ""entity_match"": ""NO_MATCH"", ""business_type"": ""FOOD"", ""location_scope"": ""OUT_OF_SCOPE"", ""final_decision"": ""REJECT"", ""reason"": ""KOMSCO의 '마구로다찌'는 서울시 강남구 논현동에 위치하고 있으나, PCMap의 '마구로다찌'는 경기 부천시 원미구에 위치하며, 도로명(언주로150길 vs 신흥로), 시·구·동, 건물번호 등 주소 정보가 명백히 다르다. 또한, KOMSCO의 주소에 '논현동'이 포함되어 있어 논현동 범위 내이지만, PCMap의 주소는 논현동 범위 외이다. 따라서 같은 사업체로 판단할 수 없으며, 주소 차이로 인해 location_scope가 OUT_OF_SCOPE로 판단된다. 주소가 명백히 다르고, 지점이 다르므로 entity_match는 NO_MATCH이며, final_decision은 REJECT이다.""}, {""rank"": 2, ""provider"": ""NAVER"", ""provider_rank"": 1, ""entity_match"": ""NO_MATCH"", ""business_type"": ""FOOD"", ""location_scope"": ""OUT_OF_SCOPE"", ""final_decision"": ""REJECT"", ""reason"": ""KOMSCO의 '마구로다찌'는 서울시 강남구 논현동에 위치하고 있으나, PCMap의 '마구로다찌'는 경기도 부천시 원미구 신흥로 140에 위치하며, 도로명, 시·구·동, 건물번호 등 주소 정보가 명백히 다르다. 또한, KOMSCO의 주소에 '논현동'이 포함되어 있어 논현동 범위에 속하지만, PCMap의 주소는 논현동 범위를 벗어난다. 따라서 같은 사업체로 판단할 수 없으며, 주소가 다르므로 location_scope는 OUT_OF_SCOPE로 판단된다. 주소가 다르고, 지점이 다르므로 entity_match는 NO_MATCH로 판단된다. business_type은 '음식점'으로 명확하므로 FOOD로 판단되나, 주소가 다르므로 final_decision은 REJECT로 판단된다.""}, {""rank"": 3, ""provider"": ""NAVER"", ""provider_rank"": 2, ""entity_match"": ""NO_MATCH"", ""business_type"": ""FOOD"", ""location_scope"": ""OUT_OF_SCOPE"", ""final_decision"": ""REJECT"", ""reason"": ""KOMSCO의 '마구로다찌'는 서울시 강남구 논현동에 위치한 음식점으로, PCMap의 '다찌참치&활어초밥'은 인천광역시 연수구에 위치하며, 도로명, 시·구·동, 좌표 등이 모두 다르므로 같은 사업체로 판단할 수 없습니다. 또한, 주소 정보가 명확히 다른 지점으로 확인되므로, 논현동 범위에 해당하지 않아 OUT_OF_SCOPE로 판단됩니다. 비록 음식점으로 분류되더라도 주소와 위치가 다르므로 최종적으로 REJECT 처리합니다.""}, {""rank"": 4, ""provider"": ""NAVER"", ""provider_rank"": 3, ""entity_match"": ""NO_MATCH"", ""business_type"": ""FOOD"", ""location_scope"": ""OUT_OF_SCOPE"", ""final_decision"": ""REJECT"", ""reason"": ""KOMSCO의 '마구로다찌'는 서울시 강남구 논현동에 위치한 음식점으로, PCMap의 '하루참치'는 부산광역시 해운대구 우동에 위치한 음식점입니다. 도로명, 시, 구, 동, 건물번호 등 주소 정보가 모두 다르며, 지점명도 달라 실제 같은 사업체로 판단할 수 없습니다. 또한, KOMSCO의 주소는 논현동 범위에 속하지만, PCMap의 주소는 논현동 범위를 벗어나므로 location_scope는 OUT_OF_SCOPE입니다. 주소 정보가 명확히 다르고, 지점명도 다르므로 entity_match는 NO_MATCH로 판단됩니다. 음식점으로 분류되지만, 주소가 다르므로 final_decision은 REJECT입니다.""}]",1,4,,57730,,,REJECT,NOT_EXIST,komsco 정보 자체를 사용하지 않는걸로 결정,가게 없음,Reviewer: 가게 없음; do not use KOMSCO record.
9977,99dee38f9313ece20ec94d22c7d11cce,돌곰네,qwen3:8b,2,"[{""provider"": ""KAKAO"", ""rank"": 1, ""index"": 0}, {""provider"": ""NAVER"", ""rank"": 1, ""index"": 1}]",1,,MATCH,FOOD,IN_SCOPE,ACCEPT,"도로명주소(언주로146길 18)와 KOMSCO 주소(언주로146길 18)가 완전 일치하며, 논현동 범위 내에 위치함. 카테고리도 '음식점 > 한식 > 해물,생선'으로 음식점으로 분류됨. 이름도 동일하여 같은 사업체로 판단됨.","[{""rank"": 1, ""provider"": ""KAKAO"", ""provider_rank"": 1, ""entity_match"": ""MATCH"", ""business_type"": ""FOOD"", ""location_scope"": ""IN_SCOPE"", ""final_decision"": ""ACCEPT"", ""reason"": ""도로명주소(언주로146길 18)와 KOMSCO 주소(언주로146길 18)가 완전 일치하며, 논현동 범위 내에 위치함. 카테고리도 '음식점 > 한식 > 해물,생선'으로 음식점으로 분류됨. 이름도 동일하여 같은 사업체로 판단됨.""}]",1,1,,17306,1,1,ACCEPT,,,,Reviewed draft accepted.
9988,1b25639897fb2f6938d8587b56bdd576,태권브이,qwen3:8b,6,"[{""provider"": ""NAVER"", ""rank"": 1, ""index"": 5}, {""provider"": ""KAKAO"", ""rank"": 1, ""index"": 0}, {""provider"": ""KAKAO"", ""rank"": 2, ""index"": 1}, {""provider"": ""KAKAO"", ""rank"": 3, ""index"": 2}, {""provider"": ""KAKAO"", ""rank"": 4, ""index"": 3}]",,1,MATCH,FOOD,IN_SCOPE,ACCEPT,"도로명주소(서울특별시 강남구 강남대로124길 3-6 3층)가 KOMSCO와 완전히 일치하며, 논현동 범위 내에 위치함. 카테고리도 '술집>맥주,호프'로 음식점 범주에 속함. 주소와 업종이 일치하여 같은 사업체로 판단됨.","[{""rank"": 1, ""provider"": ""NAVER"", ""provider_rank"": 1, ""entity_match"": ""MATCH"", ""business_type"": ""FOOD"", ""location_scope"": ""IN_SCOPE"", ""final_decision"": ""ACCEPT"", ""reason"": ""도로명주소(서울특별시 강남구 강남대로124길 3-6 3층)가 KOMSCO와 완전히 일치하며, 논현동 범위 내에 위치함. 카테고리도 '술집>맥주,호프'로 음식점 범주에 속함. 주소와 업종이 일치하여 같은 사업체로 판단됨.""}]",1,1,,18998,1,1,ACCEPT,,,,Reviewed draft accepted.
10000,a376a29efebdd2c89c0b73647f912776,(주)청담고수 논현점,qwen3:8b,3,"[{""provider"": ""KAKAO"", ""rank"": 1, ""index"": 0}, {""provider"": ""NAVER"", ""rank"": 1, ""index"": 1}, {""provider"": ""NAVER"", ""rank"": 2, ""index"": 2}]",,,NO_MATCH,,,REJECT,"KOMSCO의 (주)청담고수 논현점은 서울 강남구 논현동에 위치하며, 도로명 주소는 논현로149길 12입니다. 반면, PCMap의 청담고수 청담점은 서울 강남구 청담동 21-2에 위치하며, 도로명 주소는 도산대로58길 15입니다. 두 주소는 동일한 구(강남구)이지만, 동(논현동 vs 청담동)과 도로명, 건물번호가 모두 다르며, 지점명도 논현점 vs 청담점으로 명확히 다른 지점입니다. 따라서 같은 사업체가 아닙니다. 또한, KOMSCO의 주소는 논현동에 해당하지만, PCMap의 주소는 논현동 범위를 벗어나므로 location_scope는 OUT_OF_SCOPE입니다. 음식점으로 분류되지만, 주소와 지점명이 다르므로 entity_match는 NO_MATCH이며, final_decision은 REJECT입니다.; KOMSCO 음식점은 '논현동'에 위치한 '(주)청담고수 논현점'이며, PCMap 상세 음식점은 '청담고수 청담점'으로 명시되어 있습니다. 주소는 각각 '논현로149길 12(논현동)'과 '도산대로58길 15(청담동)'로, 동이 다르며, 도로명과 건물번호도 상이합니다. 또한, 지점명과 주소 모두 명확히 다른 것으로 확인됩니다. 따라서 같은 사업체로 판단할 수 없습니다. KOMSCO의 음식점이 PCMap의 음식점과 동일한 지점인지 명확히 확인할 수 없으며, 주소와 지점명이 모두 다르므로 entity_match는 NO_MATCH로 판단됩니다. 또한, 논현동 범위를 벗어난 것으로 location_scope는 OUT_OF_SCOPE로 판단되며, 최종적으로 REJECT로 처리됩니다.; KOMSCO의 (주)청담고수 논현점은 서울특별시 강남구 논현로149길 12(논현동) 1층에 위치하며, PCMap의 청담고수 청담2호점은 서울특별시 강남구 압구정로79길 18에 위치합니다. 도로명과 건물번호가 모두 다르며, 논현동이 아닌 청담동에 위치하고 있습니다. 따라서 주소와 지점 위치가 명백히 다르므로 entity_match는 NO_MATCH이며, location_scope는 OUT_OF_SCOPE로 판단됩니다. 동일 브랜드이지만 지점 위치가 다르므로 final_decision은 REJECT입니다.","[{""rank"": 1, ""provider"": ""KAKAO"", ""provider_rank"": 1, ""entity_match"": ""NO_MATCH"", ""business_type"": ""FOOD"", ""location_scope"": ""OUT_OF_SCOPE"", ""final_decision"": ""REJECT"", ""reason"": ""KOMSCO의 (주)청담고수 논현점은 서울 강남구 논현동에 위치하며, 도로명 주소는 논현로149길 12입니다. 반면, PCMap의 청담고수 청담점은 서울 강남구 청담동 21-2에 위치하며, 도로명 주소는 도산대로58길 15입니다. 두 주소는 동일한 구(강남구)이지만, 동(논현동 vs 청담동)과 도로명, 건물번호가 모두 다르며, 지점명도 논현점 vs 청담점으로 명확히 다른 지점입니다. 따라서 같은 사업체가 아닙니다. 또한, KOMSCO의 주소는 논현동에 해당하지만, PCMap의 주소는 논현동 범위를 벗어나므로 location_scope는 OUT_OF_SCOPE입니다. 음식점으로 분류되지만, 주소와 지점명이 다르므로 entity_match는 NO_MATCH이며, final_decision은 REJECT입니다.""}, {""rank"": 2, ""provider"": ""NAVER"", ""provider_rank"": 1, ""entity_match"": ""NO_MATCH"", ""business_type"": ""FOOD"", ""location_scope"": ""OUT_OF_SCOPE"", ""final_decision"": ""REJECT"", ""reason"": ""KOMSCO 음식점은 '논현동'에 위치한 '(주)청담고수 논현점'이며, PCMap 상세 음식점은 '청담고수 청담점'으로 명시되어 있습니다. 주소는 각각 '논현로149길 12(논현동)'과 '도산대로58길 15(청담동)'로, 동이 다르며, 도로명과 건물번호도 상이합니다. 또한, 지점명과 주소 모두 명확히 다른 것으로 확인됩니다. 따라서 같은 사업체로 판단할 수 없습니다. KOMSCO의 음식점이 PCMap의 음식점과 동일한 지점인지 명확히 확인할 수 없으며, 주소와 지점명이 모두 다르므로 entity_match는 NO_MATCH로 판단됩니다. 또한, 논현동 범위를 벗어난 것으로 location_scope는 OUT_OF_SCOPE로 판단되며, 최종적으로 REJECT로 처리됩니다.""}, {""rank"": 3, ""provider"": ""NAVER"", ""provider_rank"": 2, ""entity_match"": ""NO_MATCH"", ""business_type"": ""FOOD"", ""location_scope"": ""OUT_OF_SCOPE"", ""final_decision"": ""REJECT"", ""reason"": ""KOMSCO의 (주)청담고수 논현점은 서울특별시 강남구 논현로149길 12(논현동) 1층에 위치하며, PCMap의 청담고수 청담2호점은 서울특별시 강남구 압구정로79길 18에 위치합니다. 도로명과 건물번호가 모두 다르며, 논현동이 아닌 청담동에 위치하고 있습니다. 따라서 주소와 지점 위치가 명백히 다르므로 entity_match는 NO_MATCH이며, location_scope는 OUT_OF_SCOPE로 판단됩니다. 동일 브랜드이지만 지점 위치가 다르므로 final_decision은 REJECT입니다.""}]",1,3,,48594,,,REJECT,MOVED_OR_STALE,komsco 정보 자체를 사용하지 않는걸로 결정,이사한걸로 추정,Reviewer: 이사한 것으로 추정; do not use KOMSCO record.
10012,b5c1e569543540d4dc5dab000213a4a6,나향반점,qwen3:8b,2,"[{""provider"": ""KAKAO"", ""rank"": 1, ""index"": 0}, {""provider"": ""NAVER"", ""rank"": 1, ""index"": 1}]",1,,MATCH,FOOD,IN_SCOPE,ACCEPT,"도로명 주소(선릉로111길 43)과 KOMSCO 주소(선릉로111길 43)가 완전 일치하며, 논현동 범위 내에 위치함. 카테고리도 '음식점 > 중식 > 중국요리'로 음식점으로 분류됨. 이름도 동일하여 같은 사업체로 판단됨.","[{""rank"": 1, ""provider"": ""KAKAO"", ""provider_rank"": 1, ""entity_match"": ""MATCH"", ""business_type"": ""FOOD"", ""location_scope"": ""IN_SCOPE"", ""final_decision"": ""ACCEPT"", ""reason"": ""도로명 주소(선릉로111길 43)과 KOMSCO 주소(선릉로111길 43)가 완전 일치하며, 논현동 범위 내에 위치함. 카테고리도 '음식점 > 중식 > 중국요리'로 음식점으로 분류됨. 이름도 동일하여 같은 사업체로 판단됨.""}]",1,1,,18628,1,1,ACCEPT,,,,Reviewed draft accepted.
10024,ccd42c9b15adaad1e6d13e9e2663a268,논현감자탕,qwen3:8b,8,"[{""provider"": ""KAKAO"", ""rank"": 1, ""index"": 0}, {""provider"": ""NAVER"", ""rank"": 2, ""index"": 6}, {""provider"": ""NAVER"", ""rank"": 3, ""index"": 7}, {""provider"": ""KAKAO"", ""rank"": 3, ""index"": 2}, {""provider"": ""NAVER"", ""rank"": 1, ""index"": 5}]",1,,MATCH,FOOD,IN_SCOPE,ACCEPT,"KOMSCO와 PCMap 상세 모두 '논현감자탕'이라는 이름으로 동일한 음식점이 명시되어 있으며, 주소도 '논현동' 및 '학동로 235'로 일치합니다. 카테고리도 '음식점 > 한식 > 감자탕'으로 일치하며, 좌표도 매우 가까운 범위에 있습니다. 따라서 같은 사업체로 판단됩니다.","[{""rank"": 1, ""provider"": ""KAKAO"", ""provider_rank"": 1, ""entity_match"": ""MATCH"", ""business_type"": ""FOOD"", ""location_scope"": ""IN_SCOPE"", ""final_decision"": ""ACCEPT"", ""reason"": ""KOMSCO와 PCMap 상세 모두 '논현감자탕'이라는 이름으로 동일한 음식점이 명시되어 있으며, 주소도 '논현동' 및 '학동로 235'로 일치합니다. 카테고리도 '음식점 > 한식 > 감자탕'으로 일치하며, 좌표도 매우 가까운 범위에 있습니다. 따라서 같은 사업체로 판단됩니다.""}]",1,1,,21839,1,,ACCEPT,,,,Reviewed draft accepted.
10036,acff3701907479ce6e610837028f900f,금홍 짬뽕,qwen3:8b,6,"[{""provider"": ""NAVER"", ""rank"": 1, ""index"": 4}, {""provider"": ""KAKAO"", ""rank"": 1, ""index"": 0}, {""provider"": ""KAKAO"", ""rank"": 2, ""index"": 1}, {""provider"": ""KAKAO"", ""rank"": 4, ""index"": 3}, {""provider"": ""NAVER"", ""rank"": 2, ""index"": 5}]",,1,MATCH,FOOD,IN_SCOPE,ACCEPT,"KOMSCO의 '금홍 짬뽕'과 PCMap의 '금홍'은 동일한 사업체로 추정된다. 주소에서 도로명(논현로149길 35)이 완전히 일치하며, 논현동 범위 내에 위치한다. 카테고리도 중식으로 음식점으로 분류되어 있고, 좌표도 매우 가까운 값으로 일치한다. 다만, 지번주소가 UNKNOWN이지만, 도로명과 건물번호가 동일하여 강한 증거로 판단된다. 따라서 entity_match는 MATCH, business_type은 FOOD, location_scope는 IN_SCOPE, final_decision은 ACCEPT로 판단한다.","[{""rank"": 1, ""provider"": ""NAVER"", ""provider_rank"": 1, ""entity_match"": ""MATCH"", ""business_type"": ""FOOD"", ""location_scope"": ""IN_SCOPE"", ""final_decision"": ""ACCEPT"", ""reason"": ""KOMSCO의 '금홍 짬뽕'과 PCMap의 '금홍'은 동일한 사업체로 추정된다. 주소에서 도로명(논현로149길 35)이 완전히 일치하며, 논현동 범위 내에 위치한다. 카테고리도 중식으로 음식점으로 분류되어 있고, 좌표도 매우 가까운 값으로 일치한다. 다만, 지번주소가 UNKNOWN이지만, 도로명과 건물번호가 동일하여 강한 증거로 판단된다. 따라서 entity_match는 MATCH, business_type은 FOOD, location_scope는 IN_SCOPE, final_decision은 ACCEPT로 판단한다.""}]",1,1,,16553,1,1,ACCEPT,,,,Reviewed draft accepted.
10047,2d950d8406732e5f143e87957ae8f93c,리미지,qwen3:8b,10,"[{""provider"": ""KAKAO"", ""rank"": 1, ""index"": 0}, {""provider"": ""NAVER"", ""rank"": 3, ""index"": 7}, {""provider"": ""NAVER"", ""rank"": 4, ""index"": 8}, {""provider"": ""NAVER"", ""rank"": 5, ""index"": 9}, {""provider"": ""KAKAO"", ""rank"": 2, ""index"": 1}]",1,,MATCH,FOOD,IN_SCOPE,ACCEPT,"도로명 주소(언주로147길 18)와 좌표(37.5198164407149, 127.032777512255)가 KOMSCO와 PCMap 상세 정보에서 일치하며, '논현동'이 포함된 주소 범위 내에 위치함. 음식점 카테고리가 일치하고, 동일한 사업체로 판단됨.","[{""rank"": 1, ""provider"": ""KAKAO"", ""provider_rank"": 1, ""entity_match"": ""MATCH"", ""business_type"": ""FOOD"", ""location_scope"": ""IN_SCOPE"", ""final_decision"": ""ACCEPT"", ""reason"": ""도로명 주소(언주로147길 18)와 좌표(37.5198164407149, 127.032777512255)가 KOMSCO와 PCMap 상세 정보에서 일치하며, '논현동'이 포함된 주소 범위 내에 위치함. 음식점 카테고리가 일치하고, 동일한 사업체로 판단됨.""}]",1,1,,18878,1,,ACCEPT,,,,Reviewed draft accepted.
10059,25a13f8b185c64b92f035f1493c22d70,메이크 어 딜리버리,qwen3:8b,7,"[{""provider"": ""NAVER"", ""rank"": 2, ""index"": 6}, {""provider"": ""KAKAO"", ""rank"": 1, ""index"": 0}, {""provider"": ""KAKAO"", ""rank"": 5, ""index"": 4}, {""provider"": ""NAVER"", ""rank"": 1, ""index"": 5}, {""provider"": ""KAKAO"", ""rank"": 4, ""index"": 3}]",,2,MATCH,FOOD,IN_SCOPE,ACCEPT,"KOMSCO와 PCMap 상세의 주소는 도로명(학동로34길 24)이 동일하며, 논현동이라는 동이 포함되어 있어 위치 범위가 일치합니다. 이름은 '메이크 어 딜리버리'와 '메이크어딜리버리'로 단어 순서와 괄호 생략 차이로 인해 동일성 판단이 가능합니다. 카테고리는 '음식점>한식'으로 음식점으로 분류되어 있으며, 좌표도 매우 가까운 위치를 보입니다. 따라서 같은 사업체로 판단되며, 음식점으로 분류되어 논현동 범위에 포함되어 최종 수용합니다.","[{""rank"": 1, ""provider"": ""NAVER"", ""provider_rank"": 2, ""entity_match"": ""MATCH"", ""business_type"": ""FOOD"", ""location_scope"": ""IN_SCOPE"", ""final_decision"": ""ACCEPT"", ""reason"": ""KOMSCO와 PCMap 상세의 주소는 도로명(학동로34길 24)이 동일하며, 논현동이라는 동이 포함되어 있어 위치 범위가 일치합니다. 이름은 '메이크 어 딜리버리'와 '메이크어딜리버리'로 단어 순서와 괄호 생략 차이로 인해 동일성 판단이 가능합니다. 카테고리는 '음식점>한식'으로 음식점으로 분류되어 있으며, 좌표도 매우 가까운 위치를 보입니다. 따라서 같은 사업체로 판단되며, 음식점으로 분류되어 논현동 범위에 포함되어 최종 수용합니다.""}]",1,1,,24360,1,2,ACCEPT,,,,Reviewed draft accepted.
10064,dd8884ae20f6a6d97b282ea7a0dc481b,천안상회,qwen3:8b,7,"[{""provider"": ""NAVER"", ""rank"": 1, ""index"": 5}, {""provider"": ""NAVER"", ""rank"": 2, ""index"": 6}, {""provider"": ""KAKAO"", ""rank"": 1, ""index"": 0}, {""provider"": ""KAKAO"", ""rank"": 2, ""index"": 1}, {""provider"": ""KAKAO"", ""rank"": 3, ""index"": 2}]",,,NO_MATCH,,,REJECT,"KOMSCO의 '천안상회'는 음식점으로 등록되어 있지만, PCMap의 '천안상회'는 '쇼핑,유통>식료품'이라는 카테고리로 분류되어 음식점이 아님을 나타냅니다. 이는 같은 사업체일 수 있지만, business_type이 음식점이 아니므로 final_decision은 REJECT입니다. 주소는 '논현동' 범위 내에 있으므로 location_scope은 IN_SCOPE입니다. 그러나 도로명주소가 '강남대로122길 17'이고, KOMSCO의 주소는 '강남대로122길 천안상회'로, 도로명과 건물번호가 일치하지 않아 entity_match는 UNCERTAIN입니다.; KOMSCO의 '천안상회'는 음식점으로 등록되어 있지만, PCMap의 '나들가게 천안마트'는 '쇼핑,유통>슈퍼,마트'로 분류되어 비음식 업종에 해당합니다. 주소는 강남대로122길 17로, KOMSCO의 주소(강남대로122길 천안상회)와 도로명은 일치하지만, 건물번호와 상호명이 다릅니다. '천안상회'는 음식점이지만, '나들가게 천안마트'는 슈퍼·마트로 분류되어 다른 사업체로 판단됩니다. 따라서 entity_match는 NO_MATCH이며, business_type은 NON_FOOD로 분류됩니다. 논현동 범위는 IN_SCOPE이지만, 업종이 다르므로 final_decision은 REJECT입니다.; KOMSCO의 '천안상회'는 서울시 강남구에 위치해 있지만, PCMap의 '천안상회'는 서울 강서구에 위치하며, 주소가 명백히 다르다. 또한, PCMap의 카테고리는 '가정,생활 > 식품판매'로, 음식점이 아닌 비음식 업종에 해당한다. 따라서 같은 사업체로 판단할 수 없으며, business_type이 NON_FOOD이므로 final_decision은 REJECT이다.; KOMSCO의 '천안상회'는 음식점으로 등록되어 있지만, PCMap의 '천안상회'는 '가정,생활 > 슈퍼마켓'이라는 카테고리로 분류되어 음식점이 아님을 나타냅니다. 또한, 주소도 서로 다르며, KOMSCO의 주소는 서울시 강남구에 위치하고 있으나, PCMap의 주소는 서울 성동구에 위치하고 있어 동일한 사업체가 아닙니다. 따라서 entity_match는 NO_MATCH이며, business_type은 NON_FOOD로 판단됩니다. 위치 범위도 서로 다르므로 location_scope는 OUT_OF_SCOPE로 판단되며, 최종적으로는 REJECT를 내립니다.; KOMSCO의 '천안상회'는 음식점으로 등록되어 있지만, PCMap의 '천안상회'는 '가정,생활 > 슈퍼마켓'이라는 카테고리로 분류되어 음식점이 아님을 나타냅니다. 또한, 주소도 서로 다르며, KOMSCO의 주소는 서울시 강남구에 위치하고 있으나, PCMap의 주소는 서울 광진구에 위치하고 있어 동일한 사업체가 아님을 확인할 수 있습니다. 따라서 entity_match는 NO_MATCH이며, business_type은 NON_FOOD로 판단됩니다. 주소가 논현동 범위에 해당하지 않으므로 location_scope는 OUT_OF_SCOPE로 판단되며, 최종적으로 final_decision은 REJECT입니다.","[{""rank"": 1, ""provider"": ""NAVER"", ""provider_rank"": 1, ""entity_match"": ""UNCERTAIN"", ""business_type"": ""NON_FOOD"", ""location_scope"": ""IN_SCOPE"", ""final_decision"": ""REJECT"", ""reason"": ""KOMSCO의 '천안상회'는 음식점으로 등록되어 있지만, PCMap의 '천안상회'는 '쇼핑,유통>식료품'이라는 카테고리로 분류되어 음식점이 아님을 나타냅니다. 이는 같은 사업체일 수 있지만, business_type이 음식점이 아니므로 final_decision은 REJECT입니다. 주소는 '논현동' 범위 내에 있으므로 location_scope은 IN_SCOPE입니다. 그러나 도로명주소가 '강남대로122길 17'이고, KOMSCO의 주소는 '강남대로122길 천안상회'로, 도로명과 건물번호가 일치하지 않아 entity_match는 UNCERTAIN입니다.""}, {""rank"": 2, ""provider"": ""NAVER"", ""provider_rank"": 2, ""entity_match"": ""NO_MATCH"", ""business_type"": ""NON_FOOD"", ""location_scope"": ""IN_SCOPE"", ""final_decision"": ""REJECT"", ""reason"": ""KOMSCO의 '천안상회'는 음식점으로 등록되어 있지만, PCMap의 '나들가게 천안마트'는 '쇼핑,유통>슈퍼,마트'로 분류되어 비음식 업종에 해당합니다. 주소는 강남대로122길 17로, KOMSCO의 주소(강남대로122길 천안상회)와 도로명은 일치하지만, 건물번호와 상호명이 다릅니다. '천안상회'는 음식점이지만, '나들가게 천안마트'는 슈퍼·마트로 분류되어 다른 사업체로 판단됩니다. 따라서 entity_match는 NO_MATCH이며, business_type은 NON_FOOD로 분류됩니다. 논현동 범위는 IN_SCOPE이지만, 업종이 다르므로 final_decision은 REJECT입니다.""}, {""rank"": 3, ""provider"": ""KAKAO"", ""provider_rank"": 1, ""entity_match"": ""NO_MATCH"", ""business_type"": ""NON_FOOD"", ""location_scope"": ""OUT_OF_SCOPE"", ""final_decision"": ""REJECT"", ""reason"": ""KOMSCO의 '천안상회'는 서울시 강남구에 위치해 있지만, PCMap의 '천안상회'는 서울 강서구에 위치하며, 주소가 명백히 다르다. 또한, PCMap의 카테고리는 '가정,생활 > 식품판매'로, 음식점이 아닌 비음식 업종에 해당한다. 따라서 같은 사업체로 판단할 수 없으며, business_type이 NON_FOOD이므로 final_decision은 REJECT이다.""}, {""rank"": 4, ""provider"": ""KAKAO"", ""provider_rank"": 2, ""entity_match"": ""NO_MATCH"", ""business_type"": ""NON_FOOD"", ""location_scope"": ""OUT_OF_SCOPE"", ""final_decision"": ""REJECT"", ""reason"": ""KOMSCO의 '천안상회'는 음식점으로 등록되어 있지만, PCMap의 '천안상회'는 '가정,생활 > 슈퍼마켓'이라는 카테고리로 분류되어 음식점이 아님을 나타냅니다. 또한, 주소도 서로 다르며, KOMSCO의 주소는 서울시 강남구에 위치하고 있으나, PCMap의 주소는 서울 성동구에 위치하고 있어 동일한 사업체가 아닙니다. 따라서 entity_match는 NO_MATCH이며, business_type은 NON_FOOD로 판단됩니다. 위치 범위도 서로 다르므로 location_scope는 OUT_OF_SCOPE로 판단되며, 최종적으로는 REJECT를 내립니다.""}, {""rank"": 5, ""provider"": ""KAKAO"", ""provider_rank"": 3, ""entity_match"": ""NO_MATCH"", ""business_type"": ""NON_FOOD"", ""location_scope"": ""OUT_OF_SCOPE"", ""final_decision"": ""REJECT"", ""reason"": ""KOMSCO의 '천안상회'는 음식점으로 등록되어 있지만, PCMap의 '천안상회'는 '가정,생활 > 슈퍼마켓'이라는 카테고리로 분류되어 음식점이 아님을 나타냅니다. 또한, 주소도 서로 다르며, KOMSCO의 주소는 서울시 강남구에 위치하고 있으나, PCMap의 주소는 서울 광진구에 위치하고 있어 동일한 사업체가 아님을 확인할 수 있습니다. 따라서 entity_match는 NO_MATCH이며, business_type은 NON_FOOD로 판단됩니다. 주소가 논현동 범위에 해당하지 않으므로 location_scope는 OUT_OF_SCOPE로 판단되며, 최종적으로 final_decision은 REJECT입니다.""}]",1,5,,74880,,1,REJECT,NON_FOOD,,,"Reviewed draft: same/related entity may exist, but not a restaurant."
10072,984b12c68cbd387f1758d4520c6e7a5d,찌개마을 시골촌,qwen3:8b,6,"[{""provider"": ""KAKAO"", ""rank"": 1, ""index"": 0}, {""provider"": ""NAVER"", ""rank"": 1, ""index"": 5}, {""provider"": ""KAKAO"", ""rank"": 2, ""index"": 1}, {""provider"": ""KAKAO"", ""rank"": 4, ""index"": 3}, {""provider"": ""KAKAO"", ""rank"": 5, ""index"": 4}]",1,,MATCH,FOOD,IN_SCOPE,ACCEPT,"도로명주소와 좌표가 일치하며, 논현동 범위 내에 위치함","[{""rank"": 1, ""provider"": ""KAKAO"", ""provider_rank"": 1, ""entity_match"": ""MATCH"", ""business_type"": ""FOOD"", ""location_scope"": ""IN_SCOPE"", ""final_decision"": ""ACCEPT"", ""reason"": ""도로명주소와 좌표가 일치하며, 논현동 범위 내에 위치함""}]",1,1,,36225,1,1,ACCEPT,,,,Reviewed draft accepted.
