restaurant_id,external_merchant_id,komsco_name,komsco_address,komsco_latitude,komsco_longitude,query,place_id,place_url,resolve_status,detail_status,matcher_source,qwen_used,qwen_confidence,qwen_ranking,resolved_rank,detail_validation_attempts,candidate_count_before_filter,candidate_count_after_filter,qwen_pool_count,validation_attempts_json,detail_access_method,http_result,playwright_result,menu_count,parsed_menu_count,menu_complete,menu_fallback_used,home_status,hours_status,menu_status,review_status,review_requested,review_count,review_keyword_count,review_menu_mention_count,review_theme_count,representative_review_count,detail_warnings,result,reason,verification_status,verification_reason,selected_category,selected_category_values,selected_road_address,selected_jibun_address,selected_x,selected_y,candidate_attempts_json,persistence_status,persistence_error,elapsed_ms
9559,d060db16e889916add491c4defce1605,모우리,서울특별시 강남구 학동로2길 20 (논현동) 논현동 142-9번지 2층,37.5100543,127.0226261,논현동 모우리,269479759,https://pcmap.place.naver.com/restaurant/269479759/home,RESOLVED,PARTIAL,QWEN,True,HIGH,0,1,1,1,1,1,"[{""rank"": 1, ""candidate_name"": ""모우리 한우"", ""candidate_address"": ""서울특별시 강남구 학동로2길 20 2층"", ""place_id"": ""269479759"", ""detail_url"": ""https://pcmap.place.naver.com/restaurant/269479759/home"", ""detail_name"": ""모우리 한우"", ""detail_road_address"": ""서울 강남구 학동로2길 20 2층"", ""detail_jibun_address"": ""서울 강남구 논현동 142-9"", ""normalized_source_name"": ""모우리"", ""normalized_detail_name"": ""모우리한우"", ""name_comparison"": ""CONTAINED"", ""normalized_source_address"": ""서울특별시강남구학동로2길20논현동논현동1429번지2층"", ""normalized_detail_road_address"": ""서울강남구학동로2길202층"", ""normalized_detail_jibun_address"": ""서울강남구논현동1429"", ""address_comparison"": ""STRONG_MATCH"", ""validation_result"": ""RESOLVED"", ""failure_reason"": ""DETAIL_EVIDENCE_INSUFFICIENT"", ""semantic_decision"": ""MATCH"", ""semantic_reason"": ""KOMSCO의 '모우리'와 PCMap의 '모우리 한우'는 동일한 도로명주소(학동로2길 20 2층)와 지번주소(논현동 142-9)를 공유하며, 좌표도 일치합니다. 업종은 '한식 > 소고기구이'로 음식점에 해당하므로 business_type은 FOOD로 판단됩니다. 논현동 범위 내에 위치하므로 location_scope은 IN_SCOPE입니다. 모든 주요 주소 정보가 일치하고, 업종도 음식점으로 분류되어 최종적으로 ACCEPT합니다."", ""fatal_veto"": """", ""category"": ""한식 > 소고기구이"", ""category_values"": [""한식"", ""소고기구이""], ""candidate_road_address"": ""서울 강남구 학동로2길 20 2층"", ""candidate_jibun_address"": ""서울 강남구 논현동 142-9"", ""candidate_latitude"": 37.5100543, ""candidate_longitude"": 127.0226261, ""entity_match"": ""MATCH"", ""business_type"": ""FOOD"", ""location_scope"": ""IN_SCOPE"", ""final_decision"": ""ACCEPT"", ""semantic_error"": """", ""processing_time_ms"": 11022}]",PLAYWRIGHT_DOM,NOT_ATTEMPTED,SUCCESS,,28,False,False,SUCCESS,SUCCESS,SUCCESS,SUCCESS,True,10,10,15,12,10,,PARTIAL,,VERIFIED,VERIFIED,한식 > 소고기구이,"[""한식"", ""소고기구이""]",서울 강남구 학동로2길 20 2층,서울 강남구 논현동 142-9,127.0226261,37.5100543,"[{""rank"": 1, ""candidate_name"": ""모우리 한우"", ""candidate_address"": ""서울특별시 강남구 학동로2길 20 2층"", ""place_id"": ""269479759"", ""detail_url"": ""https://pcmap.place.naver.com/restaurant/269479759/home"", ""detail_name"": ""모우리 한우"", ""detail_road_address"": ""서울 강남구 학동로2길 20 2층"", ""detail_jibun_address"": ""서울 강남구 논현동 142-9"", ""normalized_source_name"": ""모우리"", ""normalized_detail_name"": ""모우리한우"", ""name_comparison"": ""CONTAINED"", ""normalized_source_address"": ""서울특별시강남구학동로2길20논현동논현동1429번지2층"", ""normalized_detail_road_address"": ""서울강남구학동로2길202층"", ""normalized_detail_jibun_address"": ""서울강남구논현동1429"", ""address_comparison"": ""STRONG_MATCH"", ""validation_result"": ""RESOLVED"", ""failure_reason"": ""DETAIL_EVIDENCE_INSUFFICIENT"", ""semantic_decision"": ""MATCH"", ""semantic_reason"": ""KOMSCO의 '모우리'와 PCMap의 '모우리 한우'는 동일한 도로명주소(학동로2길 20 2층)와 지번주소(논현동 142-9)를 공유하며, 좌표도 일치합니다. 업종은 '한식 > 소고기구이'로 음식점에 해당하므로 business_type은 FOOD로 판단됩니다. 논현동 범위 내에 위치하므로 location_scope은 IN_SCOPE입니다. 모든 주요 주소 정보가 일치하고, 업종도 음식점으로 분류되어 최종적으로 ACCEPT합니다."", ""fatal_veto"": """", ""category"": ""한식 > 소고기구이"", ""category_values"": [""한식"", ""소고기구이""], ""candidate_road_address"": ""서울 강남구 학동로2길 20 2층"", ""candidate_jibun_address"": ""서울 강남구 논현동 142-9"", ""candidate_latitude"": 37.5100543, ""candidate_longitude"": 127.0226261, ""entity_match"": ""MATCH"", ""business_type"": ""FOOD"", ""location_scope"": ""IN_SCOPE"", ""final_decision"": ""ACCEPT"", ""semantic_error"": """", ""processing_time_ms"": 11022}]",NOT_ATTEMPTED,,23377
9571,6e5772191bbe0e83289a4e6fe8cbd3fd,피자스쿨 강남논현점,서울시 강남구 강남대로122길 41 102호,37.5088137,127.0262907,논현동 피자스쿨 강남논현점,34489494,https://pcmap.place.naver.com/restaurant/34489494/home,RESOLVED,PARTIAL,QWEN,True,HIGH,0,1,1,1,1,1,"[{""rank"": 1, ""candidate_name"": ""피자스쿨 논현점"", ""candidate_address"": ""서울특별시 강남구 강남대로122길 41"", ""place_id"": ""34489494"", ""detail_url"": ""https://pcmap.place.naver.com/restaurant/34489494/home"", ""detail_name"": ""피자스쿨 논현점"", ""detail_road_address"": ""서울 강남구 강남대로122길 41"", ""detail_jibun_address"": ""서울 강남구 논현동 159-20"", ""normalized_source_name"": ""피자스쿨강남논현점"", ""normalized_detail_name"": ""피자스쿨논현점"", ""name_comparison"": ""DIFFERENT"", ""normalized_source_address"": ""서울시강남구강남대로122길41102호"", ""normalized_detail_road_address"": ""서울강남구강남대로122길41"", ""normalized_detail_jibun_address"": ""서울강남구논현동15920"", ""address_comparison"": ""STRONG_MATCH"", ""validation_result"": ""RESOLVED"", ""failure_reason"": ""NAME_MISMATCH"", ""semantic_decision"": ""MATCH"", ""semantic_reason"": ""KOMSCO의 '피자스쿨 강남논현점'과 PCMap의 '피자스쿨 논현점'은 동일한 브랜드이며, 주소는 도로명(강남대로122길 41)과 시·구·동(서울 강남구 논현동)이 일치합니다. 카테고리도 '음식점' 및 '피자'로 일치하며, 좌표도 매우 가까운 범위에 있습니다. 따라서 같은 지점으로 판단됩니다."", ""fatal_veto"": """", ""category"": ""음식점 > 피자"", ""category_values"": [""음식점"", ""피자""], ""candidate_road_address"": ""서울 강남구 강남대로122길 41"", ""candidate_jibun_address"": ""서울 강남구 논현동 159-20"", ""candidate_latitude"": 37.5087937, ""candidate_longitude"": 127.026334, ""entity_match"": ""MATCH"", ""business_type"": ""FOOD"", ""location_scope"": ""IN_SCOPE"", ""final_decision"": ""ACCEPT"", ""semantic_error"": """", ""processing_time_ms"": 16618}]",PLAYWRIGHT_DOM,NOT_ATTEMPTED,SUCCESS,42,42,True,False,SUCCESS,NO_DATA,SUCCESS,SUCCESS,True,10,10,12,7,10,,PARTIAL,,VERIFIED,VERIFIED,음식점 > 피자,"[""음식점"", ""피자""]",서울 강남구 강남대로122길 41,서울 강남구 논현동 159-20,127.026334,37.5087937,"[{""rank"": 1, ""candidate_name"": ""피자스쿨 논현점"", ""candidate_address"": ""서울특별시 강남구 강남대로122길 41"", ""place_id"": ""34489494"", ""detail_url"": ""https://pcmap.place.naver.com/restaurant/34489494/home"", ""detail_name"": ""피자스쿨 논현점"", ""detail_road_address"": ""서울 강남구 강남대로122길 41"", ""detail_jibun_address"": ""서울 강남구 논현동 159-20"", ""normalized_source_name"": ""피자스쿨강남논현점"", ""normalized_detail_name"": ""피자스쿨논현점"", ""name_comparison"": ""DIFFERENT"", ""normalized_source_address"": ""서울시강남구강남대로122길41102호"", ""normalized_detail_road_address"": ""서울강남구강남대로122길41"", ""normalized_detail_jibun_address"": ""서울강남구논현동15920"", ""address_comparison"": ""STRONG_MATCH"", ""validation_result"": ""RESOLVED"", ""failure_reason"": ""NAME_MISMATCH"", ""semantic_decision"": ""MATCH"", ""semantic_reason"": ""KOMSCO의 '피자스쿨 강남논현점'과 PCMap의 '피자스쿨 논현점'은 동일한 브랜드이며, 주소는 도로명(강남대로122길 41)과 시·구·동(서울 강남구 논현동)이 일치합니다. 카테고리도 '음식점' 및 '피자'로 일치하며, 좌표도 매우 가까운 범위에 있습니다. 따라서 같은 지점으로 판단됩니다."", ""fatal_veto"": """", ""category"": ""음식점 > 피자"", ""category_values"": [""음식점"", ""피자""], ""candidate_road_address"": ""서울 강남구 강남대로122길 41"", ""candidate_jibun_address"": ""서울 강남구 논현동 159-20"", ""candidate_latitude"": 37.5087937, ""candidate_longitude"": 127.026334, ""entity_match"": ""MATCH"", ""business_type"": ""FOOD"", ""location_scope"": ""IN_SCOPE"", ""final_decision"": ""ACCEPT"", ""semantic_error"": """", ""processing_time_ms"": 16618}]",NOT_ATTEMPTED,,26787
9583,d76087fc516a1b7954eee6703a195ec5,파파존스 논현점,서울 강남구 학동로 328 1층 1층,37.516233,127.0389427,논현동 파파존스 논현점,1806255012,https://pcmap.place.naver.com/restaurant/1806255012/home,RESOLVED,PARTIAL,QWEN,True,HIGH,0,1,1,1,1,1,"[{""rank"": 1, ""candidate_name"": ""파파존스 논현점"", ""candidate_address"": ""서울특별시 강남구 학동로 328 1층"", ""place_id"": ""1806255012"", ""detail_url"": ""https://pcmap.place.naver.com/restaurant/1806255012/home"", ""detail_name"": ""파파존스 논현점"", ""detail_road_address"": ""서울 강남구 학동로 328 1층"", ""detail_jibun_address"": ""서울 강남구 논현동 240-3"", ""normalized_source_name"": ""파파존스논현점"", ""normalized_detail_name"": ""파파존스논현점"", ""name_comparison"": ""EXACT"", ""normalized_source_address"": ""서울강남구학동로3281층1층"", ""normalized_detail_road_address"": ""서울강남구학동로3281층"", ""normalized_detail_jibun_address"": ""서울강남구논현동2403"", ""address_comparison"": ""STRONG_MATCH"", ""validation_result"": ""RESOLVED"", ""failure_reason"": ""DETAIL_EVIDENCE_INSUFFICIENT"", ""semantic_decision"": ""MATCH"", ""semantic_reason"": ""KOMSCO과 PCMap 상세 모두 '파파존스 논현점'이라는 동일한 지점명을 사용하고 있으며, 주소도 '서울 강남구 학동로 328 1층' 또는 '서울 강남구 논현동 240-3'으로 동일한 지역을 나타내고 있음. 카테고리도 '음식점 > 피자'로 음식점으로 분류됨. 좌표도 매우 가까운 범위에 있음. 따라서 같은 사업체/지점으로 판단됨."", ""fatal_veto"": """", ""category"": ""음식점 > 피자"", ""category_values"": [""음식점"", ""피자""], ""candidate_road_address"": ""서울 강남구 학동로 328 1층"", ""candidate_jibun_address"": ""서울 강남구 논현동 240-3"", ""candidate_latitude"": 37.516249, ""candidate_longitude"": 127.0389172, ""entity_match"": ""MATCH"", ""business_type"": ""FOOD"", ""location_scope"": ""IN_SCOPE"", ""final_decision"": ""ACCEPT"", ""semantic_error"": """", ""processing_time_ms"": 15921}]",PLAYWRIGHT_DOM,NOT_ATTEMPTED,SUCCESS,,24,False,False,SUCCESS,NO_DATA,SUCCESS,SUCCESS,True,10,10,7,7,10,,PARTIAL,,VERIFIED,VERIFIED,음식점 > 피자,"[""음식점"", ""피자""]",서울 강남구 학동로 328 1층,서울 강남구 논현동 240-3,127.0389172,37.516249,"[{""rank"": 1, ""candidate_name"": ""파파존스 논현점"", ""candidate_address"": ""서울특별시 강남구 학동로 328 1층"", ""place_id"": ""1806255012"", ""detail_url"": ""https://pcmap.place.naver.com/restaurant/1806255012/home"", ""detail_name"": ""파파존스 논현점"", ""detail_road_address"": ""서울 강남구 학동로 328 1층"", ""detail_jibun_address"": ""서울 강남구 논현동 240-3"", ""normalized_source_name"": ""파파존스논현점"", ""normalized_detail_name"": ""파파존스논현점"", ""name_comparison"": ""EXACT"", ""normalized_source_address"": ""서울강남구학동로3281층1층"", ""normalized_detail_road_address"": ""서울강남구학동로3281층"", ""normalized_detail_jibun_address"": ""서울강남구논현동2403"", ""address_comparison"": ""STRONG_MATCH"", ""validation_result"": ""RESOLVED"", ""failure_reason"": ""DETAIL_EVIDENCE_INSUFFICIENT"", ""semantic_decision"": ""MATCH"", ""semantic_reason"": ""KOMSCO과 PCMap 상세 모두 '파파존스 논현점'이라는 동일한 지점명을 사용하고 있으며, 주소도 '서울 강남구 학동로 328 1층' 또는 '서울 강남구 논현동 240-3'으로 동일한 지역을 나타내고 있음. 카테고리도 '음식점 > 피자'로 음식점으로 분류됨. 좌표도 매우 가까운 범위에 있음. 따라서 같은 사업체/지점으로 판단됨."", ""fatal_veto"": """", ""category"": ""음식점 > 피자"", ""category_values"": [""음식점"", ""피자""], ""candidate_road_address"": ""서울 강남구 학동로 328 1층"", ""candidate_jibun_address"": ""서울 강남구 논현동 240-3"", ""candidate_latitude"": 37.516249, ""candidate_longitude"": 127.0389172, ""entity_match"": ""MATCH"", ""business_type"": ""FOOD"", ""location_scope"": ""IN_SCOPE"", ""final_decision"": ""ACCEPT"", ""semantic_error"": """", ""processing_time_ms"": 15921}]",NOT_ATTEMPTED,,26397
9594,984ee758a63777ed63a09ffe745f58c7,돼지가엔푸드,서울특별시 강남구 봉은사로11길 6 (논현동) 지하1층,37.506358,127.0288218,논현동 돼지가엔푸드,1098991712,https://pcmap.place.naver.com/restaurant/1098991712/home,RESOLVED,PARTIAL,QWEN,True,HIGH,0,1,1,1,1,1,"[{""rank"": 1, ""candidate_name"": ""돼지가엔푸드"", ""candidate_address"": ""서울특별시 강남구 강남대로118길 61 1층/ 101호 돼지가바다에빠진날"", ""place_id"": ""1098991712"", ""detail_url"": ""https://pcmap.place.naver.com/restaurant/1098991712/home"", ""detail_name"": ""돼지가엔푸드"", ""detail_road_address"": ""서울 강남구 강남대로118길 61 1층/ 101호 돼지가바다에빠진날"", ""detail_jibun_address"": ""서울 강남구 논현동 180-13"", ""normalized_source_name"": ""돼지가엔푸드"", ""normalized_detail_name"": ""돼지가엔푸드"", ""name_comparison"": ""EXACT"", ""normalized_source_address"": ""서울특별시강남구봉은사로11길6논현동지하1층"", ""normalized_detail_road_address"": ""서울강남구강남대로118길611층101호돼지가바다에빠진날"", ""normalized_detail_jibun_address"": ""서울강남구논현동18013"", ""address_comparison"": ""DIFFERENT"", ""validation_result"": ""RESOLVED"", ""failure_reason"": ""ADDRESS_MISMATCH"", ""semantic_decision"": ""MATCH"", ""semantic_reason"": ""도로명주소와 지번주소가 모두 논현동을 포함하며, 주소의 핵심 요소(도로명, 건물번호, 동)가 일치하거나 양립하며, 카테고리도 '음식점' 및 '한식'으로 일치하여 같은 사업체로 판단됨. KOMSCO와 PCMap의 주소는 논현동 내부에 위치하며, 동일한 지점으로 추정됨."", ""fatal_veto"": """", ""category"": ""음식점 > 한식"", ""category_values"": [""음식점"", ""한식""], ""candidate_road_address"": ""서울 강남구 강남대로118길 61 1층/ 101호 돼지가바다에빠진날"", ""candidate_jibun_address"": ""서울 강남구 논현동 180-13"", ""candidate_latitude"": 37.5073154, ""candidate_longitude"": 127.0279026, ""entity_match"": ""MATCH"", ""business_type"": ""FOOD"", ""location_scope"": ""IN_SCOPE"", ""final_decision"": ""ACCEPT"", ""semantic_error"": """", ""processing_time_ms"": 18204}]",PLAYWRIGHT_DOM,NOT_ATTEMPTED,SUCCESS,,5,False,False,SUCCESS,SUCCESS,SUCCESS,SUCCESS,True,10,10,15,13,10,,PARTIAL,,VERIFIED,VERIFIED,음식점 > 한식,"[""음식점"", ""한식""]",서울 강남구 강남대로118길 61 1층/ 101호 돼지가바다에빠진날,서울 강남구 논현동 180-13,127.0279026,37.5073154,"[{""rank"": 1, ""candidate_name"": ""돼지가엔푸드"", ""candidate_address"": ""서울특별시 강남구 강남대로118길 61 1층/ 101호 돼지가바다에빠진날"", ""place_id"": ""1098991712"", ""detail_url"": ""https://pcmap.place.naver.com/restaurant/1098991712/home"", ""detail_name"": ""돼지가엔푸드"", ""detail_road_address"": ""서울 강남구 강남대로118길 61 1층/ 101호 돼지가바다에빠진날"", ""detail_jibun_address"": ""서울 강남구 논현동 180-13"", ""normalized_source_name"": ""돼지가엔푸드"", ""normalized_detail_name"": ""돼지가엔푸드"", ""name_comparison"": ""EXACT"", ""normalized_source_address"": ""서울특별시강남구봉은사로11길6논현동지하1층"", ""normalized_detail_road_address"": ""서울강남구강남대로118길611층101호돼지가바다에빠진날"", ""normalized_detail_jibun_address"": ""서울강남구논현동18013"", ""address_comparison"": ""DIFFERENT"", ""validation_result"": ""RESOLVED"", ""failure_reason"": ""ADDRESS_MISMATCH"", ""semantic_decision"": ""MATCH"", ""semantic_reason"": ""도로명주소와 지번주소가 모두 논현동을 포함하며, 주소의 핵심 요소(도로명, 건물번호, 동)가 일치하거나 양립하며, 카테고리도 '음식점' 및 '한식'으로 일치하여 같은 사업체로 판단됨. KOMSCO와 PCMap의 주소는 논현동 내부에 위치하며, 동일한 지점으로 추정됨."", ""fatal_veto"": """", ""category"": ""음식점 > 한식"", ""category_values"": [""음식점"", ""한식""], ""candidate_road_address"": ""서울 강남구 강남대로118길 61 1층/ 101호 돼지가바다에빠진날"", ""candidate_jibun_address"": ""서울 강남구 논현동 180-13"", ""candidate_latitude"": 37.5073154, ""candidate_longitude"": 127.0279026, ""entity_match"": ""MATCH"", ""business_type"": ""FOOD"", ""location_scope"": ""IN_SCOPE"", ""final_decision"": ""ACCEPT"", ""semantic_error"": """", ""processing_time_ms"": 18204}]",NOT_ATTEMPTED,,28034
9606,8b0e09234362e7a8c36322cfa0a01205,제이콥스플래닝앤디자인,서울특별시 강남구 학동로53길 3-12 (논현동) 제이콥스플래닝앤디자인,37.5171393,127.0394058,논현동 제이콥스플래닝앤디자인,1940598959,https://pcmap.place.naver.com/restaurant/1940598959/home,NOT_FOUND,NOT_ATTEMPTED,QWEN,True,LOW,0,,1,1,1,1,"[{""rank"": 1, ""candidate_name"": ""제이콥스플래닝앤디자인"", ""candidate_address"": ""서울특별시 강남구 학동로 343 포바강남타워 8층"", ""place_id"": ""1940598959"", ""detail_url"": ""https://pcmap.place.naver.com/restaurant/1940598959/home"", ""detail_name"": ""제이콥스플래닝앤디자인"", ""detail_road_address"": ""서울 강남구 학동로 343 포바강남타워 8층"", ""detail_jibun_address"": ""서울 강남구 논현동 119"", ""normalized_source_name"": ""제이콥스플래닝앤디자인"", ""normalized_detail_name"": ""제이콥스플래닝앤디자인"", ""name_comparison"": ""EXACT"", ""normalized_source_address"": ""서울특별시강남구학동로53길312논현동제이콥스플래닝앤디자인"", ""normalized_detail_road_address"": ""서울강남구학동로343포바강남타워8층"", ""normalized_detail_jibun_address"": ""서울강남구논현동119"", ""address_comparison"": ""DIFFERENT"", ""validation_result"": ""AMBIGUOUS"", ""failure_reason"": ""NON_FOOD"", ""semantic_decision"": ""NO_MATCH"", ""semantic_reason"": ""KOMSCO 음식점은 '제이콥스플래닝앤디자인'으로 등록되어 있으나, PCMap 상세 정보의 카테고리는 '지원,대행 > 전시,행사대행'으로 명백한 비음식 업종입니다. 주소는 논현동에 위치하지만, 업종이 음식점이 아니므로 business_type=NON_FOOD로 판단됩니다. 따라서 final_decision=REJECT입니다."", ""fatal_veto"": """", ""category"": ""지원,대행 > 전시,행사대행"", ""category_values"": [""지원,대행"", ""전시,행사대행""], ""candidate_road_address"": ""서울 강남구 학동로 343 포바강남타워 8층"", ""candidate_jibun_address"": ""서울 강남구 논현동 119"", ""candidate_latitude"": 37.5174481, ""candidate_longitude"": 127.0406303, ""entity_match"": ""NO_MATCH"", ""business_type"": ""NON_FOOD"", ""location_scope"": ""IN_SCOPE"", ""final_decision"": ""REJECT"", ""semantic_error"": """", ""processing_time_ms"": 17054}]",NONE,NOT_ATTEMPTED,NOT_ATTEMPTED,,0,,False,,,,,False,0,0,0,0,0,,NOT_ATTEMPTED,NO_MATCH,REJECTED,NON_FOOD,"지원,대행 > 전시,행사대행","[""지원,대행"", ""전시,행사대행""]",서울 강남구 학동로 343 포바강남타워 8층,서울 강남구 논현동 119,127.0406303,37.5174481,"[{""rank"": 1, ""candidate_name"": ""제이콥스플래닝앤디자인"", ""candidate_address"": ""서울특별시 강남구 학동로 343 포바강남타워 8층"", ""place_id"": ""1940598959"", ""detail_url"": ""https://pcmap.place.naver.com/restaurant/1940598959/home"", ""detail_name"": ""제이콥스플래닝앤디자인"", ""detail_road_address"": ""서울 강남구 학동로 343 포바강남타워 8층"", ""detail_jibun_address"": ""서울 강남구 논현동 119"", ""normalized_source_name"": ""제이콥스플래닝앤디자인"", ""normalized_detail_name"": ""제이콥스플래닝앤디자인"", ""name_comparison"": ""EXACT"", ""normalized_source_address"": ""서울특별시강남구학동로53길312논현동제이콥스플래닝앤디자인"", ""normalized_detail_road_address"": ""서울강남구학동로343포바강남타워8층"", ""normalized_detail_jibun_address"": ""서울강남구논현동119"", ""address_comparison"": ""DIFFERENT"", ""validation_result"": ""AMBIGUOUS"", ""failure_reason"": ""NON_FOOD"", ""semantic_decision"": ""NO_MATCH"", ""semantic_reason"": ""KOMSCO 음식점은 '제이콥스플래닝앤디자인'으로 등록되어 있으나, PCMap 상세 정보의 카테고리는 '지원,대행 > 전시,행사대행'으로 명백한 비음식 업종입니다. 주소는 논현동에 위치하지만, 업종이 음식점이 아니므로 business_type=NON_FOOD로 판단됩니다. 따라서 final_decision=REJECT입니다."", ""fatal_veto"": """", ""category"": ""지원,대행 > 전시,행사대행"", ""category_values"": [""지원,대행"", ""전시,행사대행""], ""candidate_road_address"": ""서울 강남구 학동로 343 포바강남타워 8층"", ""candidate_jibun_address"": ""서울 강남구 논현동 119"", ""candidate_latitude"": 37.5174481, ""candidate_longitude"": 127.0406303, ""entity_match"": ""NO_MATCH"", ""business_type"": ""NON_FOOD"", ""location_scope"": ""IN_SCOPE"", ""final_decision"": ""REJECT"", ""semantic_error"": """", ""processing_time_ms"": 17054}]",NOT_ATTEMPTED,,43815
9617,941c1e1a6327a290d00c58b738ccd8c3,(주)에스지푸드 논현역 마성떡볶이,서울특별시 강남구 학동로 지하 102 (논현동) 지하 1층 732-102호 (논현역),,,논현동 (주)에스지푸드 논현역 마성떡볶이,,,NOT_FOUND,NOT_ATTEMPTED,NONE,False,,,,0,0,0,0,[],NONE,NOT_ATTEMPTED,NOT_ATTEMPTED,,0,,False,,,,,False,0,0,0,0,0,,NOT_ATTEMPTED,NO_SEARCH_RESULT,REJECTED,NO_SEARCH_RESULT,,,,,,,[],NOT_ATTEMPTED,,10609
9619,9f8d1a40c78ab764c0aeac0bf3d72af8,우정양곱창,서울시 강남구 도산대로30길 23 1층,37.5184384,127.0301249,논현동 우정양곱창,1921750340,https://pcmap.place.naver.com/restaurant/1921750340/home,RESOLVED,PARTIAL,QWEN,True,HIGH,0,1,1,1,1,1,"[{""rank"": 1, ""candidate_name"": ""우정양곱창"", ""candidate_address"": ""서울특별시 강남구 도산대로30길 23 1층 우정양곱창"", ""place_id"": ""1921750340"", ""detail_url"": ""https://pcmap.place.naver.com/restaurant/1921750340/home"", ""detail_name"": ""우정양곱창"", ""detail_road_address"": ""서울 강남구 도산대로30길 23 1층 우정양곱창"", ""detail_jibun_address"": ""서울 강남구 논현동 67-11"", ""normalized_source_name"": ""우정양곱창"", ""normalized_detail_name"": ""우정양곱창"", ""name_comparison"": ""EXACT"", ""normalized_source_address"": ""서울시강남구도산대로30길231층"", ""normalized_detail_road_address"": ""서울강남구도산대로30길231층우정양곱창"", ""normalized_detail_jibun_address"": ""서울강남구논현동6711"", ""address_comparison"": ""STRONG_MATCH"", ""validation_result"": ""RESOLVED"", ""failure_reason"": ""DETAIL_EVIDENCE_INSUFFICIENT"", ""semantic_decision"": ""MATCH"", ""semantic_reason"": ""KOMSCO와 PCMap 상세 모두 '우정양곱창'이라는 상호명을 공유하며, 주소는 '서울 강남구 도산대로30길 23 1층'으로 동일한 도로명과 건물번호를 포함하고 있으며, '논현동'이라는 동 이름이 포함되어 있어 위치 범위가 일치합니다. 카테고리도 '한식 > 곱창,막창,양'으로 음식점으로 분류되어 있으며, 좌표도 매우 가까운 범위에 있습니다. 따라서 같은 사업체로 판단되며, 음식점으로 분류되어 최종 수용합니다."", ""fatal_veto"": """", ""category"": ""한식 > 곱창,막창,양"", ""category_values"": [""한식"", ""곱창,막창,양""], ""candidate_road_address"": ""서울 강남구 도산대로30길 23 1층 우정양곱창"", ""candidate_jibun_address"": ""서울 강남구 논현동 67-11"", ""candidate_latitude"": 37.5184492, ""candidate_longitude"": 127.0300737, ""entity_match"": ""MATCH"", ""business_type"": ""FOOD"", ""location_scope"": ""IN_SCOPE"", ""final_decision"": ""ACCEPT"", ""semantic_error"": """", ""processing_time_ms"": 16777}]",PLAYWRIGHT_DOM,NOT_ATTEMPTED,SUCCESS,,10,False,False,SUCCESS,SUCCESS,SUCCESS,SUCCESS,True,10,10,15,13,10,,PARTIAL,,VERIFIED,VERIFIED,"한식 > 곱창,막창,양","[""한식"", ""곱창,막창,양""]",서울 강남구 도산대로30길 23 1층 우정양곱창,서울 강남구 논현동 67-11,127.0300737,37.5184492,"[{""rank"": 1, ""candidate_name"": ""우정양곱창"", ""candidate_address"": ""서울특별시 강남구 도산대로30길 23 1층 우정양곱창"", ""place_id"": ""1921750340"", ""detail_url"": ""https://pcmap.place.naver.com/restaurant/1921750340/home"", ""detail_name"": ""우정양곱창"", ""detail_road_address"": ""서울 강남구 도산대로30길 23 1층 우정양곱창"", ""detail_jibun_address"": ""서울 강남구 논현동 67-11"", ""normalized_source_name"": ""우정양곱창"", ""normalized_detail_name"": ""우정양곱창"", ""name_comparison"": ""EXACT"", ""normalized_source_address"": ""서울시강남구도산대로30길231층"", ""normalized_detail_road_address"": ""서울강남구도산대로30길231층우정양곱창"", ""normalized_detail_jibun_address"": ""서울강남구논현동6711"", ""address_comparison"": ""STRONG_MATCH"", ""validation_result"": ""RESOLVED"", ""failure_reason"": ""DETAIL_EVIDENCE_INSUFFICIENT"", ""semantic_decision"": ""MATCH"", ""semantic_reason"": ""KOMSCO와 PCMap 상세 모두 '우정양곱창'이라는 상호명을 공유하며, 주소는 '서울 강남구 도산대로30길 23 1층'으로 동일한 도로명과 건물번호를 포함하고 있으며, '논현동'이라는 동 이름이 포함되어 있어 위치 범위가 일치합니다. 카테고리도 '한식 > 곱창,막창,양'으로 음식점으로 분류되어 있으며, 좌표도 매우 가까운 범위에 있습니다. 따라서 같은 사업체로 판단되며, 음식점으로 분류되어 최종 수용합니다."", ""fatal_veto"": """", ""category"": ""한식 > 곱창,막창,양"", ""category_values"": [""한식"", ""곱창,막창,양""], ""candidate_road_address"": ""서울 강남구 도산대로30길 23 1층 우정양곱창"", ""candidate_jibun_address"": ""서울 강남구 논현동 67-11"", ""candidate_latitude"": 37.5184492, ""candidate_longitude"": 127.0300737, ""entity_match"": ""MATCH"", ""business_type"": ""FOOD"", ""location_scope"": ""IN_SCOPE"", ""final_decision"": ""ACCEPT"", ""semantic_error"": """", ""processing_time_ms"": 16777}]",NOT_ATTEMPTED,,27236
9631,171bfc5a110b3b2f4d9fa86b416b3b92,"오늘, 와인한잔","서울특별시 강남구 봉은사로1길 33, 1층 (논현동) 오늘, 와인한잔",37.5068332,127.0241392,"논현동 오늘, 와인한잔",1625089699,https://pcmap.place.naver.com/restaurant/1625089699/home,RESOLVED,PARTIAL,QWEN,True,HIGH,"0,1",1,1,2,2,2,"[{""rank"": 1, ""candidate_name"": ""오늘와인한잔 논현점"", ""candidate_address"": ""서울특별시 강남구 봉은사로1길 33 논현빌딩 1층 오늘와인한잔"", ""place_id"": ""1625089699"", ""detail_url"": ""https://pcmap.place.naver.com/restaurant/1625089699/home"", ""detail_name"": ""오늘와인한잔 논현점"", ""detail_road_address"": ""서울 강남구 봉은사로1길 33 논현빌딩 1층 오늘와인한잔"", ""detail_jibun_address"": ""서울 강남구 논현동 165-13"", ""normalized_source_name"": ""오늘와인한잔"", ""normalized_detail_name"": ""오늘와인한잔논현점"", ""name_comparison"": ""CONTAINED"", ""normalized_source_address"": ""서울특별시강남구봉은사로1길331층논현동오늘와인한잔"", ""normalized_detail_road_address"": ""서울강남구봉은사로1길33논현빌딩1층오늘와인한잔"", ""normalized_detail_jibun_address"": ""서울강남구논현동16513"", ""address_comparison"": ""STRONG_MATCH"", ""validation_result"": ""RESOLVED"", ""failure_reason"": ""DETAIL_EVIDENCE_INSUFFICIENT"", ""semantic_decision"": ""MATCH"", ""semantic_reason"": ""주소와 지점명이 일치하며, 동일한 논현동 내 위치"", ""fatal_veto"": """", ""category"": ""술집 > 와인"", ""category_values"": [""술집"", ""와인""], ""candidate_road_address"": ""서울 강남구 봉은사로1길 33 논현빌딩 1층 오늘와인한잔"", ""candidate_jibun_address"": ""서울 강남구 논현동 165-13"", ""candidate_latitude"": 37.5068597, ""candidate_longitude"": 127.0241957, ""entity_match"": ""MATCH"", ""business_type"": ""FOOD"", ""location_scope"": ""IN_SCOPE"", ""final_decision"": ""ACCEPT"", ""semantic_error"": """", ""processing_time_ms"": 29857}]",PLAYWRIGHT_DOM,NOT_ATTEMPTED,SUCCESS,18,18,True,False,SUCCESS,NO_DATA,SUCCESS,SUCCESS,True,10,10,15,10,10,,PARTIAL,,VERIFIED,VERIFIED,술집 > 와인,"[""술집"", ""와인""]",서울 강남구 봉은사로1길 33 논현빌딩 1층 오늘와인한잔,서울 강남구 논현동 165-13,127.0241957,37.5068597,"[{""rank"": 1, ""candidate_name"": ""오늘와인한잔 논현점"", ""candidate_address"": ""서울특별시 강남구 봉은사로1길 33 논현빌딩 1층 오늘와인한잔"", ""place_id"": ""1625089699"", ""detail_url"": ""https://pcmap.place.naver.com/restaurant/1625089699/home"", ""detail_name"": ""오늘와인한잔 논현점"", ""detail_road_address"": ""서울 강남구 봉은사로1길 33 논현빌딩 1층 오늘와인한잔"", ""detail_jibun_address"": ""서울 강남구 논현동 165-13"", ""normalized_source_name"": ""오늘와인한잔"", ""normalized_detail_name"": ""오늘와인한잔논현점"", ""name_comparison"": ""CONTAINED"", ""normalized_source_address"": ""서울특별시강남구봉은사로1길331층논현동오늘와인한잔"", ""normalized_detail_road_address"": ""서울강남구봉은사로1길33논현빌딩1층오늘와인한잔"", ""normalized_detail_jibun_address"": ""서울강남구논현동16513"", ""address_comparison"": ""STRONG_MATCH"", ""validation_result"": ""RESOLVED"", ""failure_reason"": ""DETAIL_EVIDENCE_INSUFFICIENT"", ""semantic_decision"": ""MATCH"", ""semantic_reason"": ""주소와 지점명이 일치하며, 동일한 논현동 내 위치"", ""fatal_veto"": """", ""category"": ""술집 > 와인"", ""category_values"": [""술집"", ""와인""], ""candidate_road_address"": ""서울 강남구 봉은사로1길 33 논현빌딩 1층 오늘와인한잔"", ""candidate_jibun_address"": ""서울 강남구 논현동 165-13"", ""candidate_latitude"": 37.5068597, ""candidate_longitude"": 127.0241957, ""entity_match"": ""MATCH"", ""business_type"": ""FOOD"", ""location_scope"": ""IN_SCOPE"", ""final_decision"": ""ACCEPT"", ""semantic_error"": """", ""processing_time_ms"": 29857}]",NOT_ATTEMPTED,,40800
9643,3a403f5d0faadbc5036cf975188bd18e,반포식스선정릉역점,서울시 강남구 선릉로 603 2층,37.5107792,127.0434777,논현동 반포식스선정릉역점,35781732,https://pcmap.place.naver.com/restaurant/35781732/home,RESOLVED,SUCCESS,QWEN,True,HIGH,0,1,1,1,1,1,"[{""rank"": 1, ""candidate_name"": ""반포식스 선정릉역점"", ""candidate_address"": ""서울특별시 강남구 선릉로 603 2층"", ""place_id"": ""35781732"", ""detail_url"": ""https://pcmap.place.naver.com/restaurant/35781732/home"", ""detail_name"": ""반포식스 선정릉역점"", ""detail_road_address"": ""서울 강남구 선릉로 603 2층"", ""detail_jibun_address"": ""서울 강남구 논현동 278-7"", ""normalized_source_name"": ""반포식스선정릉역점"", ""normalized_detail_name"": ""반포식스선정릉역점"", ""name_comparison"": ""EXACT"", ""normalized_source_address"": ""서울시강남구선릉로6032층"", ""normalized_detail_road_address"": ""서울강남구선릉로6032층"", ""normalized_detail_jibun_address"": ""서울강남구논현동2787"", ""address_comparison"": ""STRONG_MATCH"", ""validation_result"": ""RESOLVED"", ""failure_reason"": ""DETAIL_EVIDENCE_INSUFFICIENT"", ""semantic_decision"": ""MATCH"", ""semantic_reason"": ""KOMSCO과 PCMap 상세의 이름은 '반포식스 선정릉역점'과 '반포식스선정릉역점'으로, '반포식스'라는 브랜드명과 '선정릉역점'이라는 지점명이 동일하며, 주소도 '서울 강남구 선릉로 603 2층'으로 도로명과 건물번호가 완전 일치합니다. '논현동'은 지번주소에서 확인되며, KOMSCO의 주소도 '논현동 278-7'이므로 동일한 지역에 위치합니다. 카테고리도 '음식점 > 베트남음식'으로 음식점으로 분류되어 있으며, 좌표도 매우 가까운 위치를 보입니다. 따라서 같은 사업체/지점으로 판단됩니다."", ""fatal_veto"": """", ""category"": ""음식점 > 베트남음식"", ""category_values"": [""음식점"", ""베트남음식""], ""candidate_road_address"": ""서울 강남구 선릉로 603 2층"", ""candidate_jibun_address"": ""서울 강남구 논현동 278-7"", ""candidate_latitude"": 37.5108012, ""candidate_longitude"": 127.0434756, ""entity_match"": ""MATCH"", ""business_type"": ""FOOD"", ""location_scope"": ""IN_SCOPE"", ""final_decision"": ""ACCEPT"", ""semantic_error"": """", ""processing_time_ms"": 20186}]",PLAYWRIGHT_DOM,NOT_ATTEMPTED,SUCCESS,1,41,True,False,SUCCESS,SUCCESS,SUCCESS,SUCCESS,True,10,10,15,13,10,,SUCCESS,,VERIFIED,VERIFIED,음식점 > 베트남음식,"[""음식점"", ""베트남음식""]",서울 강남구 선릉로 603 2층,서울 강남구 논현동 278-7,127.0434756,37.5108012,"[{""rank"": 1, ""candidate_name"": ""반포식스 선정릉역점"", ""candidate_address"": ""서울특별시 강남구 선릉로 603 2층"", ""place_id"": ""35781732"", ""detail_url"": ""https://pcmap.place.naver.com/restaurant/35781732/home"", ""detail_name"": ""반포식스 선정릉역점"", ""detail_road_address"": ""서울 강남구 선릉로 603 2층"", ""detail_jibun_address"": ""서울 강남구 논현동 278-7"", ""normalized_source_name"": ""반포식스선정릉역점"", ""normalized_detail_name"": ""반포식스선정릉역점"", ""name_comparison"": ""EXACT"", ""normalized_source_address"": ""서울시강남구선릉로6032층"", ""normalized_detail_road_address"": ""서울강남구선릉로6032층"", ""normalized_detail_jibun_address"": ""서울강남구논현동2787"", ""address_comparison"": ""STRONG_MATCH"", ""validation_result"": ""RESOLVED"", ""failure_reason"": ""DETAIL_EVIDENCE_INSUFFICIENT"", ""semantic_decision"": ""MATCH"", ""semantic_reason"": ""KOMSCO과 PCMap 상세의 이름은 '반포식스 선정릉역점'과 '반포식스선정릉역점'으로, '반포식스'라는 브랜드명과 '선정릉역점'이라는 지점명이 동일하며, 주소도 '서울 강남구 선릉로 603 2층'으로 도로명과 건물번호가 완전 일치합니다. '논현동'은 지번주소에서 확인되며, KOMSCO의 주소도 '논현동 278-7'이므로 동일한 지역에 위치합니다. 카테고리도 '음식점 > 베트남음식'으로 음식점으로 분류되어 있으며, 좌표도 매우 가까운 위치를 보입니다. 따라서 같은 사업체/지점으로 판단됩니다."", ""fatal_veto"": """", ""category"": ""음식점 > 베트남음식"", ""category_values"": [""음식점"", ""베트남음식""], ""candidate_road_address"": ""서울 강남구 선릉로 603 2층"", ""candidate_jibun_address"": ""서울 강남구 논현동 278-7"", ""candidate_latitude"": 37.5108012, ""candidate_longitude"": 127.0434756, ""entity_match"": ""MATCH"", ""business_type"": ""FOOD"", ""location_scope"": ""IN_SCOPE"", ""final_decision"": ""ACCEPT"", ""semantic_error"": """", ""processing_time_ms"": 20186}]",NOT_ATTEMPTED,,30379
9654,41fce4115743043e1bbc31eb1a3b5dcd,지리산,서울특별시 강남구 학동로43길 7 (논현동) 지상,37.5165902,127.0372315,논현동 지리산,36004008,https://pcmap.place.naver.com/restaurant/36004008/home,RESOLVED,SUCCESS,QWEN,True,HIGH,"0,1,2",1,1,3,3,3,"[{""rank"": 1, ""candidate_name"": ""지리산"", ""candidate_address"": ""서울특별시 강남구 학동로43길 7"", ""place_id"": ""36004008"", ""detail_url"": ""https://pcmap.place.naver.com/restaurant/36004008/home"", ""detail_name"": ""지리산"", ""detail_road_address"": ""서울 강남구 학동로43길 7"", ""detail_jibun_address"": ""서울 강남구 논현동 115-6"", ""normalized_source_name"": ""지리산"", ""normalized_detail_name"": ""지리산"", ""name_comparison"": ""EXACT"", ""normalized_source_address"": ""서울특별시강남구학동로43길7논현동지상"", ""normalized_detail_road_address"": ""서울강남구학동로43길7"", ""normalized_detail_jibun_address"": ""서울강남구논현동1156"", ""address_comparison"": ""STRONG_MATCH"", ""validation_result"": ""RESOLVED"", ""failure_reason"": ""DETAIL_EVIDENCE_INSUFFICIENT"", ""semantic_decision"": ""MATCH"", ""semantic_reason"": ""KOMSCO과 PCMap 상세 모두 '지리산'이라는 이름, '서울 강남구 학동로43길 7'이라는 도로명 주소, '논현동'이라는 동 정보가 일치하며, KOMSCO은 음식점으로 등록되어 있고, PCMap 상세의 카테고리도 '음식점 > 한식'으로 음식점으로 분류되어 있음. 주소의 핵심 정보(시·구·동, 도로명, 건물번호)가 일치하여 같은 사업체로 판단됨. 논현동 범위 내에 위치하므로 location_scope도 IN_SCOPE임."", ""fatal_veto"": """", ""category"": ""음식점 > 한식"", ""category_values"": [""음식점"", ""한식""], ""candidate_road_address"": ""서울 강남구 학동로43길 7"", ""candidate_jibun_address"": ""서울 강남구 논현동 115-6"", ""candidate_latitude"": 37.5165971, ""candidate_longitude"": 127.037225, ""entity_match"": ""MATCH"", ""business_type"": ""FOOD"", ""location_scope"": ""IN_SCOPE"", ""final_decision"": ""ACCEPT"", ""semantic_error"": """", ""processing_time_ms"": 10991}]",PLAYWRIGHT_DOM,NOT_ATTEMPTED,SUCCESS,4,4,True,False,SUCCESS,SUCCESS,SUCCESS,SUCCESS,True,10,10,15,10,10,,SUCCESS,,VERIFIED,VERIFIED,음식점 > 한식,"[""음식점"", ""한식""]",서울 강남구 학동로43길 7,서울 강남구 논현동 115-6,127.037225,37.5165971,"[{""rank"": 1, ""candidate_name"": ""지리산"", ""candidate_address"": ""서울특별시 강남구 학동로43길 7"", ""place_id"": ""36004008"", ""detail_url"": ""https://pcmap.place.naver.com/restaurant/36004008/home"", ""detail_name"": ""지리산"", ""detail_road_address"": ""서울 강남구 학동로43길 7"", ""detail_jibun_address"": ""서울 강남구 논현동 115-6"", ""normalized_source_name"": ""지리산"", ""normalized_detail_name"": ""지리산"", ""name_comparison"": ""EXACT"", ""normalized_source_address"": ""서울특별시강남구학동로43길7논현동지상"", ""normalized_detail_road_address"": ""서울강남구학동로43길7"", ""normalized_detail_jibun_address"": ""서울강남구논현동1156"", ""address_comparison"": ""STRONG_MATCH"", ""validation_result"": ""RESOLVED"", ""failure_reason"": ""DETAIL_EVIDENCE_INSUFFICIENT"", ""semantic_decision"": ""MATCH"", ""semantic_reason"": ""KOMSCO과 PCMap 상세 모두 '지리산'이라는 이름, '서울 강남구 학동로43길 7'이라는 도로명 주소, '논현동'이라는 동 정보가 일치하며, KOMSCO은 음식점으로 등록되어 있고, PCMap 상세의 카테고리도 '음식점 > 한식'으로 음식점으로 분류되어 있음. 주소의 핵심 정보(시·구·동, 도로명, 건물번호)가 일치하여 같은 사업체로 판단됨. 논현동 범위 내에 위치하므로 location_scope도 IN_SCOPE임."", ""fatal_veto"": """", ""category"": ""음식점 > 한식"", ""category_values"": [""음식점"", ""한식""], ""candidate_road_address"": ""서울 강남구 학동로43길 7"", ""candidate_jibun_address"": ""서울 강남구 논현동 115-6"", ""candidate_latitude"": 37.5165971, ""candidate_longitude"": 127.037225, ""entity_match"": ""MATCH"", ""business_type"": ""FOOD"", ""location_scope"": ""IN_SCOPE"", ""final_decision"": ""ACCEPT"", ""semantic_error"": """", ""processing_time_ms"": 10991}]",NOT_ATTEMPTED,,19185
9666,7b1ef64a327db61923ab2c3390cdae5b,봉추찜닭 강남구청역점,서울특별시 강남구 학동로 343 (논현동) 지하2층,37.5174482,127.0406303,논현동 봉추찜닭 강남구청역점,1274117863,https://pcmap.place.naver.com/restaurant/1274117863/home,RESOLVED,PARTIAL,QWEN,True,HIGH,0,1,1,1,1,1,"[{""rank"": 1, ""candidate_name"": ""봉추찜닭 강남구청역점"", ""candidate_address"": ""서울특별시 강남구 학동로 343 (논현동, 더피나클강남) 지하2층"", ""place_id"": ""1274117863"", ""detail_url"": ""https://pcmap.place.naver.com/restaurant/1274117863/home"", ""detail_name"": ""봉추찜닭 강남구청역점"", ""detail_road_address"": ""서울 강남구 학동로 343 (논현동, 더피나클강남) 지하2층"", ""detail_jibun_address"": ""서울 강남구 논현동 119 더피나클강남 지하2층"", ""normalized_source_name"": ""봉추찜닭강남구청역점"", ""normalized_detail_name"": ""봉추찜닭강남구청역점"", ""name_comparison"": ""EXACT"", ""normalized_source_address"": ""서울특별시강남구학동로343논현동지하2층"", ""normalized_detail_road_address"": ""서울강남구학동로343논현동더피나클강남지하2층"", ""normalized_detail_jibun_address"": ""서울강남구논현동119더피나클강남지하2층"", ""address_comparison"": ""STRONG_MATCH"", ""validation_result"": ""RESOLVED"", ""failure_reason"": ""DETAIL_EVIDENCE_INSUFFICIENT"", ""semantic_decision"": ""MATCH"", ""semantic_reason"": ""KOMSCO와 PCMap 상세 모두 '봉추찜닭 강남구청역점'이라는 동일한 지점명을 사용하며, 주소는 '서울 강남구 학동로 343 (논현동)'으로 동일한 도로명과 구·동 정보를 공유합니다. 카테고리도 '한식 > 찜닭'으로 음식점으로 분류되어 있으며, 좌표도 매우 가까운 위치를 나타냅니다. 따라서 같은 사업체/지점으로 판단됩니다."", ""fatal_veto"": """", ""category"": ""한식 > 찜닭"", ""category_values"": [""한식"", ""찜닭""], ""candidate_road_address"": ""서울 강남구 학동로 343 (논현동, 더피나클강남) 지하2층"", ""candidate_jibun_address"": ""서울 강남구 논현동 119 더피나클강남 지하2층"", ""candidate_latitude"": 37.5174346, ""candidate_longitude"": 127.0406219, ""entity_match"": ""MATCH"", ""business_type"": ""FOOD"", ""location_scope"": ""IN_SCOPE"", ""final_decision"": ""ACCEPT"", ""semantic_error"": """", ""processing_time_ms"": 15397}]",PLAYWRIGHT_DOM,NOT_ATTEMPTED,SUCCESS,,13,False,False,SUCCESS,SUCCESS,SUCCESS,SUCCESS,True,10,10,10,11,10,,PARTIAL,,VERIFIED,VERIFIED,한식 > 찜닭,"[""한식"", ""찜닭""]","서울 강남구 학동로 343 (논현동, 더피나클강남) 지하2층",서울 강남구 논현동 119 더피나클강남 지하2층,127.0406219,37.5174346,"[{""rank"": 1, ""candidate_name"": ""봉추찜닭 강남구청역점"", ""candidate_address"": ""서울특별시 강남구 학동로 343 (논현동, 더피나클강남) 지하2층"", ""place_id"": ""1274117863"", ""detail_url"": ""https://pcmap.place.naver.com/restaurant/1274117863/home"", ""detail_name"": ""봉추찜닭 강남구청역점"", ""detail_road_address"": ""서울 강남구 학동로 343 (논현동, 더피나클강남) 지하2층"", ""detail_jibun_address"": ""서울 강남구 논현동 119 더피나클강남 지하2층"", ""normalized_source_name"": ""봉추찜닭강남구청역점"", ""normalized_detail_name"": ""봉추찜닭강남구청역점"", ""name_comparison"": ""EXACT"", ""normalized_source_address"": ""서울특별시강남구학동로343논현동지하2층"", ""normalized_detail_road_address"": ""서울강남구학동로343논현동더피나클강남지하2층"", ""normalized_detail_jibun_address"": ""서울강남구논현동119더피나클강남지하2층"", ""address_comparison"": ""STRONG_MATCH"", ""validation_result"": ""RESOLVED"", ""failure_reason"": ""DETAIL_EVIDENCE_INSUFFICIENT"", ""semantic_decision"": ""MATCH"", ""semantic_reason"": ""KOMSCO와 PCMap 상세 모두 '봉추찜닭 강남구청역점'이라는 동일한 지점명을 사용하며, 주소는 '서울 강남구 학동로 343 (논현동)'으로 동일한 도로명과 구·동 정보를 공유합니다. 카테고리도 '한식 > 찜닭'으로 음식점으로 분류되어 있으며, 좌표도 매우 가까운 위치를 나타냅니다. 따라서 같은 사업체/지점으로 판단됩니다."", ""fatal_veto"": """", ""category"": ""한식 > 찜닭"", ""category_values"": [""한식"", ""찜닭""], ""candidate_road_address"": ""서울 강남구 학동로 343 (논현동, 더피나클강남) 지하2층"", ""candidate_jibun_address"": ""서울 강남구 논현동 119 더피나클강남 지하2층"", ""candidate_latitude"": 37.5174346, ""candidate_longitude"": 127.0406219, ""entity_match"": ""MATCH"", ""business_type"": ""FOOD"", ""location_scope"": ""IN_SCOPE"", ""final_decision"": ""ACCEPT"", ""semantic_error"": """", ""processing_time_ms"": 15397}]",NOT_ATTEMPTED,,25630
9678,b22d6080c568c44452c1b43fa60e47ac,The A(더에이),서울특별시 강남구 언주로150길 41 (논현동) The A(더에이),37.5219282,127.037628,논현동 The A(더에이),1405281929,https://pcmap.place.naver.com/restaurant/1405281929/home,NOT_FOUND,NOT_ATTEMPTED,QWEN,True,LOW,"0,2,1",,3,3,3,3,"[{""rank"": 1, ""candidate_name"": ""더에이"", ""candidate_address"": ""서울특별시 강남구 언주로150길 41 3층"", ""place_id"": ""13592219"", ""detail_url"": ""https://pcmap.place.naver.com/restaurant/13592219/home"", ""detail_name"": ""더에이"", ""detail_road_address"": ""서울 강남구 언주로150길 41 3층"", ""detail_jibun_address"": ""서울 강남구 논현동 93-10"", ""normalized_source_name"": ""thea더에이"", ""normalized_detail_name"": ""더에이"", ""name_comparison"": ""CONTAINED"", ""normalized_source_address"": ""서울특별시강남구언주로150길41논현동thea더에이"", ""normalized_detail_road_address"": ""서울강남구언주로150길413층"", ""normalized_detail_jibun_address"": ""서울강남구논현동9310"", ""address_comparison"": ""STRONG_MATCH"", ""validation_result"": ""AMBIGUOUS"", ""failure_reason"": ""NON_FOOD"", ""semantic_decision"": ""NO_MATCH"", ""semantic_reason"": ""KOMSCO의 'The A(더에이)'는 음식점으로 등록되어 있지만, PCMap의 '더에이'는 '미용 > 미용실'이라는 명확한 비음식 업종으로 분류되어 business_type=NON_FOOD로 판단됩니다. 주소는 동일한 논현동 내 도로명과 건물번호를 공유하지만, 업종이 명백히 다르므로 같은 사업체로 간주할 수 없습니다. 따라서 entity_match는 NO_MATCH이며, final_decision은 REJECT입니다."", ""fatal_veto"": """", ""category"": ""미용 > 미용실"", ""category_values"": [""미용"", ""미용실""], ""candidate_road_address"": ""서울 강남구 언주로150길 41 3층"", ""candidate_jibun_address"": ""서울 강남구 논현동 93-10"", ""candidate_latitude"": 37.5219282, ""candidate_longitude"": 127.037628, ""entity_match"": ""NO_MATCH"", ""business_type"": ""NON_FOOD"", ""location_scope"": ""IN_SCOPE"", ""final_decision"": ""REJECT"", ""semantic_error"": """", ""processing_time_ms"": 10193}, {""rank"": 2, ""candidate_name"": ""더에이코어스튜디오"", ""candidate_address"": ""서울특별시 강남구 테헤란로 146 13층 1316호 현익빌딩"", ""place_id"": ""2147289153"", ""detail_url"": ""https://pcmap.place.naver.com/restaurant/2147289153/home"", ""detail_name"": ""더에이코어스튜디오"", ""detail_road_address"": ""서울 강남구 테헤란로 146 13층 1316호 현익빌딩"", ""detail_jibun_address"": ""서울 강남구 역삼동 736-6"", ""normalized_source_name"": ""thea더에이"", ""normalized_detail_name"": ""더에이코어스튜디오"", ""name_comparison"": ""DIFFERENT"", ""normalized_source_address"": ""서울특별시강남구언주로150길41논현동thea더에이"", ""normalized_detail_road_address"": ""서울강남구테헤란로14613층1316호현익빌딩"", ""normalized_detail_jibun_address"": ""서울강남구역삼동7366"", ""address_comparison"": ""DIFFERENT"", ""validation_result"": ""AMBIGUOUS"", ""failure_reason"": ""NON_FOOD"", ""semantic_decision"": ""NO_MATCH"", ""semantic_reason"": ""KOMSCO의 'The A(더에이)'는 논현동에 위치한 음식점으로 등록되어 있으나, PCMap의 '더에이코어스튜디오'는 '서비스,산업 > 기업'이라는 명확한 비음식 업종으로 분류되어 business_type이 NON_FOOD입니다. 또한, 주소도 서로 다르며, KOMSCO의 주소는 논현동에 해당하지만 PCMap의 주소는 역삼동에 해당하여 location_scope가 OUT_OF_SCOPE입니다. 따라서 같은 사업체가 아니며, 음식점으로 분류될 수 없습니다."", ""fatal_veto"": """", ""category"": ""서비스,산업 > 기업"", ""category_values"": [""서비스,산업"", ""기업""], ""candidate_road_address"": ""서울 강남구 테헤란로 146 13층 1316호 현익빌딩"", ""candidate_jibun_address"": ""서울 강남구 역삼동 736-6"", ""candidate_latitude"": 37.5000231, ""candidate_longitude"": 127.0355059, ""entity_match"": ""NO_MATCH"", ""business_type"": ""NON_FOOD"", ""location_scope"": ""OUT_OF_SCOPE"", ""final_decision"": ""REJECT"", ""semantic_error"": """", ""processing_time_ms"": 10563}, {""rank"": 3, ""candidate_name"": ""비이케이 프렙에이 학원"", ""candidate_address"": ""서울특별시 강남구 역삼로 244"", ""place_id"": ""1405281929"", ""detail_url"": ""https://pcmap.place.naver.com/restaurant/1405281929/home"", ""detail_name"": ""비이케이 프렙에이 학원"", ""detail_road_address"": ""서울 강남구 역삼로 244"", ""detail_jibun_address"": ""서울 강남구 역삼동 771-6"", ""normalized_source_name"": ""thea더에이"", ""normalized_detail_name"": ""비이케이프렙에이학원"", ""name_comparison"": ""DIFFERENT"", ""normalized_source_address"": ""서울특별시강남구언주로150길41논현동thea더에이"", ""normalized_detail_road_address"": ""서울강남구역삼로244"", ""normalized_detail_jibun_address"": ""서울강남구역삼동7716"", ""address_comparison"": ""DIFFERENT"", ""validation_result"": ""AMBIGUOUS"", ""failure_reason"": ""NON_FOOD"", ""semantic_decision"": ""NO_MATCH"", ""semantic_reason"": ""KOMSCO 음식점 'The A(더에이)'은 서울 강남구 논현동에 위치한 음식점으로, 도로명 주소는 '언주로150길 41'입니다. 반면, PCMap 상세 음식점 '비이케이 프렙에이 학원'은 서울 강남구 역삼로 244에 위치하며, 카테고리는 '어학교육'으로 명백히 음식점이 아닙니다. 주소의 도로명과 건물번호가 모두 다르며, 논현동과 역삼동은 서로 다른 동으로 위치가 명백히 다릅니다. 또한, 카테고리가 '어학교육'으로 음식점이 아님을 확인할 수 있습니다. 따라서 이는 같은 사업체가 아니며, 음식점으로 분류될 수 없습니다."", ""fatal_veto"": """", ""category"": ""어학교육"", ""category_values"": [""어학교육""], ""candidate_road_address"": ""서울 강남구 역삼로 244"", ""candidate_jibun_address"": ""서울 강남구 역삼동 771-6"", ""candidate_latitude"": 37.4975234, ""candidate_longitude"": 127.0429971, ""entity_match"": ""NO_MATCH"", ""business_type"": ""NON_FOOD"", ""location_scope"": ""OUT_OF_SCOPE"", ""final_decision"": ""REJECT"", ""semantic_error"": """", ""processing_time_ms"": 13613}]",NONE,NOT_ATTEMPTED,NOT_ATTEMPTED,,0,,False,,,,,False,0,0,0,0,0,,NOT_ATTEMPTED,NO_MATCH,REJECTED,NON_FOOD,어학교육,"[""어학교육""]",서울 강남구 역삼로 244,서울 강남구 역삼동 771-6,127.0429971,37.4975234,"[{""rank"": 1, ""candidate_name"": ""더에이"", ""candidate_address"": ""서울특별시 강남구 언주로150길 41 3층"", ""place_id"": ""13592219"", ""detail_url"": ""https://pcmap.place.naver.com/restaurant/13592219/home"", ""detail_name"": ""더에이"", ""detail_road_address"": ""서울 강남구 언주로150길 41 3층"", ""detail_jibun_address"": ""서울 강남구 논현동 93-10"", ""normalized_source_name"": ""thea더에이"", ""normalized_detail_name"": ""더에이"", ""name_comparison"": ""CONTAINED"", ""normalized_source_address"": ""서울특별시강남구언주로150길41논현동thea더에이"", ""normalized_detail_road_address"": ""서울강남구언주로150길413층"", ""normalized_detail_jibun_address"": ""서울강남구논현동9310"", ""address_comparison"": ""STRONG_MATCH"", ""validation_result"": ""AMBIGUOUS"", ""failure_reason"": ""NON_FOOD"", ""semantic_decision"": ""NO_MATCH"", ""semantic_reason"": ""KOMSCO의 'The A(더에이)'는 음식점으로 등록되어 있지만, PCMap의 '더에이'는 '미용 > 미용실'이라는 명확한 비음식 업종으로 분류되어 business_type=NON_FOOD로 판단됩니다. 주소는 동일한 논현동 내 도로명과 건물번호를 공유하지만, 업종이 명백히 다르므로 같은 사업체로 간주할 수 없습니다. 따라서 entity_match는 NO_MATCH이며, final_decision은 REJECT입니다."", ""fatal_veto"": """", ""category"": ""미용 > 미용실"", ""category_values"": [""미용"", ""미용실""], ""candidate_road_address"": ""서울 강남구 언주로150길 41 3층"", ""candidate_jibun_address"": ""서울 강남구 논현동 93-10"", ""candidate_latitude"": 37.5219282, ""candidate_longitude"": 127.037628, ""entity_match"": ""NO_MATCH"", ""business_type"": ""NON_FOOD"", ""location_scope"": ""IN_SCOPE"", ""final_decision"": ""REJECT"", ""semantic_error"": """", ""processing_time_ms"": 10193}, {""rank"": 2, ""candidate_name"": ""더에이코어스튜디오"", ""candidate_address"": ""서울특별시 강남구 테헤란로 146 13층 1316호 현익빌딩"", ""place_id"": ""2147289153"", ""detail_url"": ""https://pcmap.place.naver.com/restaurant/2147289153/home"", ""detail_name"": ""더에이코어스튜디오"", ""detail_road_address"": ""서울 강남구 테헤란로 146 13층 1316호 현익빌딩"", ""detail_jibun_address"": ""서울 강남구 역삼동 736-6"", ""normalized_source_name"": ""thea더에이"", ""normalized_detail_name"": ""더에이코어스튜디오"", ""name_comparison"": ""DIFFERENT"", ""normalized_source_address"": ""서울특별시강남구언주로150길41논현동thea더에이"", ""normalized_detail_road_address"": ""서울강남구테헤란로14613층1316호현익빌딩"", ""normalized_detail_jibun_address"": ""서울강남구역삼동7366"", ""address_comparison"": ""DIFFERENT"", ""validation_result"": ""AMBIGUOUS"", ""failure_reason"": ""NON_FOOD"", ""semantic_decision"": ""NO_MATCH"", ""semantic_reason"": ""KOMSCO의 'The A(더에이)'는 논현동에 위치한 음식점으로 등록되어 있으나, PCMap의 '더에이코어스튜디오'는 '서비스,산업 > 기업'이라는 명확한 비음식 업종으로 분류되어 business_type이 NON_FOOD입니다. 또한, 주소도 서로 다르며, KOMSCO의 주소는 논현동에 해당하지만 PCMap의 주소는 역삼동에 해당하여 location_scope가 OUT_OF_SCOPE입니다. 따라서 같은 사업체가 아니며, 음식점으로 분류될 수 없습니다."", ""fatal_veto"": """", ""category"": ""서비스,산업 > 기업"", ""category_values"": [""서비스,산업"", ""기업""], ""candidate_road_address"": ""서울 강남구 테헤란로 146 13층 1316호 현익빌딩"", ""candidate_jibun_address"": ""서울 강남구 역삼동 736-6"", ""candidate_latitude"": 37.5000231, ""candidate_longitude"": 127.0355059, ""entity_match"": ""NO_MATCH"", ""business_type"": ""NON_FOOD"", ""location_scope"": ""OUT_OF_SCOPE"", ""final_decision"": ""REJECT"", ""semantic_error"": """", ""processing_time_ms"": 10563}, {""rank"": 3, ""candidate_name"": ""비이케이 프렙에이 학원"", ""candidate_address"": ""서울특별시 강남구 역삼로 244"", ""place_id"": ""1405281929"", ""detail_url"": ""https://pcmap.place.naver.com/restaurant/1405281929/home"", ""detail_name"": ""비이케이 프렙에이 학원"", ""detail_road_address"": ""서울 강남구 역삼로 244"", ""detail_jibun_address"": ""서울 강남구 역삼동 771-6"", ""normalized_source_name"": ""thea더에이"", ""normalized_detail_name"": ""비이케이프렙에이학원"", ""name_comparison"": ""DIFFERENT"", ""normalized_source_address"": ""서울특별시강남구언주로150길41논현동thea더에이"", ""normalized_detail_road_address"": ""서울강남구역삼로244"", ""normalized_detail_jibun_address"": ""서울강남구역삼동7716"", ""address_comparison"": ""DIFFERENT"", ""validation_result"": ""AMBIGUOUS"", ""failure_reason"": ""NON_FOOD"", ""semantic_decision"": ""NO_MATCH"", ""semantic_reason"": ""KOMSCO 음식점 'The A(더에이)'은 서울 강남구 논현동에 위치한 음식점으로, 도로명 주소는 '언주로150길 41'입니다. 반면, PCMap 상세 음식점 '비이케이 프렙에이 학원'은 서울 강남구 역삼로 244에 위치하며, 카테고리는 '어학교육'으로 명백히 음식점이 아닙니다. 주소의 도로명과 건물번호가 모두 다르며, 논현동과 역삼동은 서로 다른 동으로 위치가 명백히 다릅니다. 또한, 카테고리가 '어학교육'으로 음식점이 아님을 확인할 수 있습니다. 따라서 이는 같은 사업체가 아니며, 음식점으로 분류될 수 없습니다."", ""fatal_veto"": """", ""category"": ""어학교육"", ""category_values"": [""어학교육""], ""candidate_road_address"": ""서울 강남구 역삼로 244"", ""candidate_jibun_address"": ""서울 강남구 역삼동 771-6"", ""candidate_latitude"": 37.4975234, ""candidate_longitude"": 127.0429971, ""entity_match"": ""NO_MATCH"", ""business_type"": ""NON_FOOD"", ""location_scope"": ""OUT_OF_SCOPE"", ""final_decision"": ""REJECT"", ""semantic_error"": """", ""processing_time_ms"": 13613}]",NOT_ATTEMPTED,,146488
9690,402d56a0708840cbd307c3471ce8cb59,단스시,서울특별시 강남구 언주로 652(논현동) 쿠쿠빌딩2층,37.5151352,127.0358028,논현동 단스시,20601226,https://pcmap.place.naver.com/restaurant/20601226/home,RESOLVED,PARTIAL,QWEN,True,HIGH,0,1,1,1,1,1,"[{""rank"": 1, ""candidate_name"": ""단스시"", ""candidate_address"": ""서울특별시 강남구 언주로 652 쿠쿠빌딩"", ""place_id"": ""20601226"", ""detail_url"": ""https://pcmap.place.naver.com/restaurant/20601226/home"", ""detail_name"": ""단스시"", ""detail_road_address"": ""서울 강남구 언주로 652 쿠쿠빌딩"", ""detail_jibun_address"": ""서울 강남구 논현동 238"", ""normalized_source_name"": ""단스시"", ""normalized_detail_name"": ""단스시"", ""name_comparison"": ""EXACT"", ""normalized_source_address"": ""서울특별시강남구언주로652논현동쿠쿠빌딩2층"", ""normalized_detail_road_address"": ""서울강남구언주로652쿠쿠빌딩"", ""normalized_detail_jibun_address"": ""서울강남구논현동238"", ""address_comparison"": ""STRONG_MATCH"", ""validation_result"": ""RESOLVED"", ""failure_reason"": ""DETAIL_EVIDENCE_INSUFFICIENT"", ""semantic_decision"": ""MATCH"", ""semantic_reason"": ""KOMSCO와 PCMap 상세의 음식점 이름 '단스시'가 일치하며, 주소도 '서울 강남구 언주로 652 쿠쿠빌딩'과 '서울특별시 강남구 언주로 652(논현동) 쿠쿠빌딩2층'이 동일한 도로명과 건물번호를 공유하고, 논현동 범위에 포함되어 있음. 카테고리도 '일식 > 초밥,롤'로 음식점으로 분류됨. 좌표도 매우 가까운 범위에 위치함. 따라서 같은 사업체로 판단됨."", ""fatal_veto"": """", ""category"": ""일식 > 초밥,롤"", ""category_values"": [""일식"", ""초밥,롤""], ""candidate_road_address"": ""서울 강남구 언주로 652 쿠쿠빌딩"", ""candidate_jibun_address"": ""서울 강남구 논현동 238"", ""candidate_latitude"": 37.5151729, ""candidate_longitude"": 127.0357409, ""entity_match"": ""MATCH"", ""business_type"": ""FOOD"", ""location_scope"": ""IN_SCOPE"", ""final_decision"": ""ACCEPT"", ""semantic_error"": """", ""processing_time_ms"": 17762}]",PLAYWRIGHT_DOM,NOT_ATTEMPTED,SUCCESS,41,41,True,False,SUCCESS,NO_DATA,SUCCESS,SUCCESS,True,10,10,15,13,10,,PARTIAL,,VERIFIED,VERIFIED,"일식 > 초밥,롤","[""일식"", ""초밥,롤""]",서울 강남구 언주로 652 쿠쿠빌딩,서울 강남구 논현동 238,127.0357409,37.5151729,"[{""rank"": 1, ""candidate_name"": ""단스시"", ""candidate_address"": ""서울특별시 강남구 언주로 652 쿠쿠빌딩"", ""place_id"": ""20601226"", ""detail_url"": ""https://pcmap.place.naver.com/restaurant/20601226/home"", ""detail_name"": ""단스시"", ""detail_road_address"": ""서울 강남구 언주로 652 쿠쿠빌딩"", ""detail_jibun_address"": ""서울 강남구 논현동 238"", ""normalized_source_name"": ""단스시"", ""normalized_detail_name"": ""단스시"", ""name_comparison"": ""EXACT"", ""normalized_source_address"": ""서울특별시강남구언주로652논현동쿠쿠빌딩2층"", ""normalized_detail_road_address"": ""서울강남구언주로652쿠쿠빌딩"", ""normalized_detail_jibun_address"": ""서울강남구논현동238"", ""address_comparison"": ""STRONG_MATCH"", ""validation_result"": ""RESOLVED"", ""failure_reason"": ""DETAIL_EVIDENCE_INSUFFICIENT"", ""semantic_decision"": ""MATCH"", ""semantic_reason"": ""KOMSCO와 PCMap 상세의 음식점 이름 '단스시'가 일치하며, 주소도 '서울 강남구 언주로 652 쿠쿠빌딩'과 '서울특별시 강남구 언주로 652(논현동) 쿠쿠빌딩2층'이 동일한 도로명과 건물번호를 공유하고, 논현동 범위에 포함되어 있음. 카테고리도 '일식 > 초밥,롤'로 음식점으로 분류됨. 좌표도 매우 가까운 범위에 위치함. 따라서 같은 사업체로 판단됨."", ""fatal_veto"": """", ""category"": ""일식 > 초밥,롤"", ""category_values"": [""일식"", ""초밥,롤""], ""candidate_road_address"": ""서울 강남구 언주로 652 쿠쿠빌딩"", ""candidate_jibun_address"": ""서울 강남구 논현동 238"", ""candidate_latitude"": 37.5151729, ""candidate_longitude"": 127.0357409, ""entity_match"": ""MATCH"", ""business_type"": ""FOOD"", ""location_scope"": ""IN_SCOPE"", ""final_decision"": ""ACCEPT"", ""semantic_error"": """", ""processing_time_ms"": 17762}]",NOT_ATTEMPTED,,28215
9701,46423f0bfb39b3a0113a536bc387504c,사계절투어,"서울특별시 강남구 학동로 170 410호(논현동, 베트라이프빌딩)",37.5133409,127.0296751,논현동 사계절투어,1095098957,https://pcmap.place.naver.com/restaurant/1095098957/home,NOT_FOUND,NOT_ATTEMPTED,QWEN,True,HIGH,0,,1,1,1,1,"[{""rank"": 1, ""candidate_name"": ""사계절투어"", ""candidate_address"": ""서울특별시 강남구 학동로 170 410호"", ""place_id"": ""1095098957"", ""detail_url"": ""https://pcmap.place.naver.com/restaurant/1095098957/home"", ""detail_name"": ""사계절투어"", ""detail_road_address"": ""서울 강남구 학동로 170 410호"", ""detail_jibun_address"": ""서울 강남구 논현동 128-7"", ""normalized_source_name"": ""사계절투어"", ""normalized_detail_name"": ""사계절투어"", ""name_comparison"": ""EXACT"", ""normalized_source_address"": ""서울특별시강남구학동로170410호논현동베트라이프빌딩"", ""normalized_detail_road_address"": ""서울강남구학동로170410호"", ""normalized_detail_jibun_address"": ""서울강남구논현동1287"", ""address_comparison"": ""STRONG_MATCH"", ""validation_result"": ""AMBIGUOUS"", ""failure_reason"": ""NON_FOOD"", ""semantic_decision"": ""MATCH"", ""semantic_reason"": ""KOMSCO의 '사계절투어'는 음식점으로 등록되어 있지만, PCMap의 '카테고리'는 '서비스,산업 > 여행사'로 명백히 여행사 업종에 해당합니다. 이는 음식점으로 분류될 수 없는 비음식 업종입니다. 따라서 business_type이 NON_FOOD로 판단되며, 같은 사업체이더라도 음식점으로 분류될 수 없으므로 final_decision은 REJECT입니다. 주소는 동일하며, 논현동 범위에 속하므로 location_scope은 IN_SCOPE입니다."", ""fatal_veto"": """", ""category"": ""서비스,산업 > 여행사"", ""category_values"": [""서비스,산업"", ""여행사""], ""candidate_road_address"": ""서울 강남구 학동로 170 410호"", ""candidate_jibun_address"": ""서울 강남구 논현동 128-7"", ""candidate_latitude"": 37.5133409, ""candidate_longitude"": 127.0296751, ""entity_match"": ""MATCH"", ""business_type"": ""NON_FOOD"", ""location_scope"": ""IN_SCOPE"", ""final_decision"": ""REJECT"", ""semantic_error"": """", ""processing_time_ms"": 16994}]",NONE,NOT_ATTEMPTED,NOT_ATTEMPTED,,0,,False,,,,,False,0,0,0,0,0,,NOT_ATTEMPTED,NO_MATCH,REJECTED,NON_FOOD,"서비스,산업 > 여행사","[""서비스,산업"", ""여행사""]",서울 강남구 학동로 170 410호,서울 강남구 논현동 128-7,127.0296751,37.5133409,"[{""rank"": 1, ""candidate_name"": ""사계절투어"", ""candidate_address"": ""서울특별시 강남구 학동로 170 410호"", ""place_id"": ""1095098957"", ""detail_url"": ""https://pcmap.place.naver.com/restaurant/1095098957/home"", ""detail_name"": ""사계절투어"", ""detail_road_address"": ""서울 강남구 학동로 170 410호"", ""detail_jibun_address"": ""서울 강남구 논현동 128-7"", ""normalized_source_name"": ""사계절투어"", ""normalized_detail_name"": ""사계절투어"", ""name_comparison"": ""EXACT"", ""normalized_source_address"": ""서울특별시강남구학동로170410호논현동베트라이프빌딩"", ""normalized_detail_road_address"": ""서울강남구학동로170410호"", ""normalized_detail_jibun_address"": ""서울강남구논현동1287"", ""address_comparison"": ""STRONG_MATCH"", ""validation_result"": ""AMBIGUOUS"", ""failure_reason"": ""NON_FOOD"", ""semantic_decision"": ""MATCH"", ""semantic_reason"": ""KOMSCO의 '사계절투어'는 음식점으로 등록되어 있지만, PCMap의 '카테고리'는 '서비스,산업 > 여행사'로 명백히 여행사 업종에 해당합니다. 이는 음식점으로 분류될 수 없는 비음식 업종입니다. 따라서 business_type이 NON_FOOD로 판단되며, 같은 사업체이더라도 음식점으로 분류될 수 없으므로 final_decision은 REJECT입니다. 주소는 동일하며, 논현동 범위에 속하므로 location_scope은 IN_SCOPE입니다."", ""fatal_veto"": """", ""category"": ""서비스,산업 > 여행사"", ""category_values"": [""서비스,산업"", ""여행사""], ""candidate_road_address"": ""서울 강남구 학동로 170 410호"", ""candidate_jibun_address"": ""서울 강남구 논현동 128-7"", ""candidate_latitude"": 37.5133409, ""candidate_longitude"": 127.0296751, ""entity_match"": ""MATCH"", ""business_type"": ""NON_FOOD"", ""location_scope"": ""IN_SCOPE"", ""final_decision"": ""REJECT"", ""semantic_error"": """", ""processing_time_ms"": 16994}]",NOT_ATTEMPTED,,88387
9713,1b1736d2b6361417c420646737839343,김밥나라,서울특별시 강남구 강남대로120길 40 (논현동) 1층,37.5076344,127.0266038,논현동 김밥나라,,,NOT_FOUND,NOT_ATTEMPTED,NONE,False,,,,0,0,0,0,[],NONE,NOT_ATTEMPTED,NOT_ATTEMPTED,,0,,False,,,,,False,0,0,0,0,0,,NOT_ATTEMPTED,NO_SEARCH_RESULT,REJECTED,NO_SEARCH_RESULT,,,,,,,[],NOT_ATTEMPTED,,90557
9722,c8171f72d52e8df2543d7ff7165965fc,호두당 신사점,서울특별시 강남구 도산대로 지하102(신사동) 327-114호,,,논현동 호두당 신사점,,,NOT_FOUND,NOT_ATTEMPTED,NONE,False,,,,0,0,0,0,[],NONE,NOT_ATTEMPTED,NOT_ATTEMPTED,,0,,False,,,,,False,0,0,0,0,0,,NOT_ATTEMPTED,NO_SEARCH_RESULT,REJECTED,NO_SEARCH_RESULT,,,,,,,[],NOT_ATTEMPTED,,8030
9726,64bfcff15437895ed6cbd6c9bd790178,알잘딱깔센,"서울특별시 강남구 학동로34길 24, 지상1층 (논현동) 알잘딱깔센",37.5129878,127.033737,논현동 알잘딱깔센,,,NOT_FOUND,NOT_ATTEMPTED,NONE,False,,,,0,0,0,0,[],NONE,NOT_ATTEMPTED,NOT_ATTEMPTED,,0,,False,,,,,False,0,0,0,0,0,,NOT_ATTEMPTED,NO_SEARCH_RESULT,REJECTED,NO_SEARCH_RESULT,,,,,,,[],NOT_ATTEMPTED,,22900
9738,73ecb9ef9521fd867e83beeff538fdf2,오수양푼이동태탕,"서울특별시 강남구 논현로111길 18, 1층 (논현동) 오수양푼이동태탕",37.5075539,127.032051,논현동 오수양푼이동태탕,,,NOT_FOUND,NOT_ATTEMPTED,NONE,False,,,,0,0,0,0,[],NONE,NOT_ATTEMPTED,NOT_ATTEMPTED,,0,,False,,,,,False,0,0,0,0,0,,NOT_ATTEMPTED,NO_SEARCH_RESULT,REJECTED,NO_SEARCH_RESULT,,,,,,,[],NOT_ATTEMPTED,,25610
9750,6bbe35c681ddf05895a74b466598acfb,종로떡폐백,서울시 강남구 강남대로124길 19 1층 101-2호,37.5092777,127.0241371,논현동 종로떡폐백,,,NOT_FOUND,NOT_ATTEMPTED,NONE,False,,,,0,0,0,0,[],NONE,NOT_ATTEMPTED,NOT_ATTEMPTED,,0,,False,,,,,False,0,0,0,0,0,,NOT_ATTEMPTED,NO_SEARCH_RESULT,REJECTED,NO_SEARCH_RESULT,,,,,,,[],NOT_ATTEMPTED,,75288
9761,63b5b0be639f418bacd2904b75172483,도리토리본점,서울시 강남구 선릉로127길 5 1동,37.5153857,127.0414267,논현동 도리토리본점,1313653997,https://pcmap.place.naver.com/restaurant/1313653997/home,NOT_FOUND,NOT_ATTEMPTED,QWEN,True,HIGH,0,,1,1,1,1,"[{""rank"": 1, ""candidate_name"": ""도리토리 본점"", ""candidate_address"": ""서울특별시 강남구 선릉로121길 8 1층"", ""place_id"": ""1313653997"", ""detail_url"": ""https://pcmap.place.naver.com/restaurant/1313653997/home"", ""detail_name"": ""도리토리 본점"", ""detail_road_address"": ""서울 강남구 선릉로121길 8 1층"", ""detail_jibun_address"": ""서울 강남구 논현동 254-20"", ""normalized_source_name"": ""도리토리본점"", ""normalized_detail_name"": ""도리토리본점"", ""name_comparison"": ""EXACT"", ""normalized_source_address"": ""서울시강남구선릉로127길51동"", ""normalized_detail_road_address"": ""서울강남구선릉로121길81층"", ""normalized_detail_jibun_address"": ""서울강남구논현동25420"", ""address_comparison"": ""DIFFERENT"", ""validation_result"": ""AMBIGUOUS"", ""failure_reason"": ""OUT_OF_SCOPE"", ""semantic_decision"": ""NO_MATCH"", ""semantic_reason"": ""도로명주소에서 도로명(선릉로127길 vs 선릉로121길)과 건물번호(5 vs 8)가 모두 다르며, 지번주소(논현동 254-20)와 도로명주소(선릉로121길 8 1층)는 서로 다른 위치를 나타냅니다. KOMSCO의 주소(선릉로127길 5 1동)와 PCMap의 주소(선릉로121길 8 1층)는 동일한 구(강남구)이지만, 도로명과 건물번호가 다르므로 실제 지점이 다르다고 판단됩니다. 또한, KOMSCO의 좌표(37.5153857, 127.0414267)와 PCMap의 좌표(37.5140806, 127.0417833)도 약 100m 이상 차이가 나며, 이는 동일한 지점이 아님을 시사합니다. 따라서 entity_match는 NO_MATCH로 판단되며, 주소와 좌표가 모두 다르므로 location_scope는 OUT_OF_SCOPE, final_decision는 REJECT입니다."", ""fatal_veto"": """", ""category"": ""술집 > 요리주점"", ""category_values"": [""술집"", ""요리주점""], ""candidate_road_address"": ""서울 강남구 선릉로121길 8 1층"", ""candidate_jibun_address"": ""서울 강남구 논현동 254-20"", ""candidate_latitude"": 37.5140806, ""candidate_longitude"": 127.0417833, ""entity_match"": ""NO_MATCH"", ""business_type"": ""FOOD"", ""location_scope"": ""OUT_OF_SCOPE"", ""final_decision"": ""REJECT"", ""semantic_error"": """", ""processing_time_ms"": 17697}]",NONE,NOT_ATTEMPTED,NOT_ATTEMPTED,,0,,False,,,,,False,0,0,0,0,0,,NOT_ATTEMPTED,NO_MATCH,REJECTED,OUT_OF_SCOPE,술집 > 요리주점,"[""술집"", ""요리주점""]",서울 강남구 선릉로121길 8 1층,서울 강남구 논현동 254-20,127.0417833,37.5140806,"[{""rank"": 1, ""candidate_name"": ""도리토리 본점"", ""candidate_address"": ""서울특별시 강남구 선릉로121길 8 1층"", ""place_id"": ""1313653997"", ""detail_url"": ""https://pcmap.place.naver.com/restaurant/1313653997/home"", ""detail_name"": ""도리토리 본점"", ""detail_road_address"": ""서울 강남구 선릉로121길 8 1층"", ""detail_jibun_address"": ""서울 강남구 논현동 254-20"", ""normalized_source_name"": ""도리토리본점"", ""normalized_detail_name"": ""도리토리본점"", ""name_comparison"": ""EXACT"", ""normalized_source_address"": ""서울시강남구선릉로127길51동"", ""normalized_detail_road_address"": ""서울강남구선릉로121길81층"", ""normalized_detail_jibun_address"": ""서울강남구논현동25420"", ""address_comparison"": ""DIFFERENT"", ""validation_result"": ""AMBIGUOUS"", ""failure_reason"": ""OUT_OF_SCOPE"", ""semantic_decision"": ""NO_MATCH"", ""semantic_reason"": ""도로명주소에서 도로명(선릉로127길 vs 선릉로121길)과 건물번호(5 vs 8)가 모두 다르며, 지번주소(논현동 254-20)와 도로명주소(선릉로121길 8 1층)는 서로 다른 위치를 나타냅니다. KOMSCO의 주소(선릉로127길 5 1동)와 PCMap의 주소(선릉로121길 8 1층)는 동일한 구(강남구)이지만, 도로명과 건물번호가 다르므로 실제 지점이 다르다고 판단됩니다. 또한, KOMSCO의 좌표(37.5153857, 127.0414267)와 PCMap의 좌표(37.5140806, 127.0417833)도 약 100m 이상 차이가 나며, 이는 동일한 지점이 아님을 시사합니다. 따라서 entity_match는 NO_MATCH로 판단되며, 주소와 좌표가 모두 다르므로 location_scope는 OUT_OF_SCOPE, final_decision는 REJECT입니다."", ""fatal_veto"": """", ""category"": ""술집 > 요리주점"", ""category_values"": [""술집"", ""요리주점""], ""candidate_road_address"": ""서울 강남구 선릉로121길 8 1층"", ""candidate_jibun_address"": ""서울 강남구 논현동 254-20"", ""candidate_latitude"": 37.5140806, ""candidate_longitude"": 127.0417833, ""entity_match"": ""NO_MATCH"", ""business_type"": ""FOOD"", ""location_scope"": ""OUT_OF_SCOPE"", ""final_decision"": ""REJECT"", ""semantic_error"": """", ""processing_time_ms"": 17697}]",NOT_ATTEMPTED,,42823
9763,2ed6c72256d7ed707b7a9176ce3739f9,noodle talk,"서울특별시 강남구 봉은사로 지하 102 지하2층, 4-2호 누들톡 (논현동, 9호선 신논현역)",,,noodletalk,1627399744,https://pcmap.place.naver.com/restaurant/1627399744/home,RESOLVED,PARTIAL,QWEN,True,HIGH,0,1,1,1,1,1,"[{""rank"": 1, ""candidate_name"": ""누들톡"", ""candidate_address"": ""서울특별시 강남구 봉은사로 102 지하"", ""place_id"": ""1627399744"", ""detail_url"": ""https://pcmap.place.naver.com/restaurant/1627399744/home"", ""detail_name"": ""누들톡"", ""detail_road_address"": ""서울 강남구 봉은사로 102 지하"", ""detail_jibun_address"": ""서울 강남구 역삼동 800"", ""normalized_source_name"": ""noodletalk"", ""normalized_detail_name"": ""누들톡"", ""name_comparison"": ""DIFFERENT"", ""normalized_source_address"": ""서울특별시강남구봉은사로지하102지하2층42호누들톡논현동9호선신논현역"", ""normalized_detail_road_address"": ""서울강남구봉은사로102지하"", ""normalized_detail_jibun_address"": ""서울강남구역삼동800"", ""address_comparison"": ""STRONG_MATCH"", ""validation_result"": ""RESOLVED"", ""failure_reason"": ""NAME_MISMATCH"", ""semantic_decision"": ""MATCH"", ""semantic_reason"": ""KOMSCO의 'noodle talk'과 PCMap의 '누들톡'은 동일한 이름으로, 주소도 '서울 강남구 봉은사로 102 지하'로 일치하며, 논현동 범위에 위치하고 있다. 분식 카테고리로 음식점으로 분류되며, 주소와 이름의 일치로 실제 같은 사업체로 판단된다. 다만, KOMSCO의 주소에 층·호·건물명이 생략되어 있어 완전 일치는 어렵지만, 핵심 정보(도로명, 구, 동)가 일치하여 강한 MATCH 증거로 판단된다. 논현동 범위에 속하므로 location_scope는 IN_SCOPE로 판단되며, 음식점으로 분류되어 final_decision은 ACCEPT이다."", ""fatal_veto"": """", ""category"": ""분식 > 종합분식"", ""category_values"": [""분식"", ""종합분식""], ""candidate_road_address"": ""서울 강남구 봉은사로 102 지하"", ""candidate_jibun_address"": ""서울 강남구 역삼동 800"", ""candidate_latitude"": 37.5046209, ""candidate_longitude"": 127.025008, ""entity_match"": ""MATCH"", ""business_type"": ""FOOD"", ""location_scope"": ""IN_SCOPE"", ""final_decision"": ""ACCEPT"", ""semantic_error"": """", ""processing_time_ms"": 13160}]",PLAYWRIGHT_DOM,NOT_ATTEMPTED,SUCCESS,20,20,True,False,SUCCESS,NO_DATA,SUCCESS,SUCCESS,True,10,10,15,11,10,,PARTIAL,,VERIFIED,VERIFIED,분식 > 종합분식,"[""분식"", ""종합분식""]",서울 강남구 봉은사로 102 지하,서울 강남구 역삼동 800,127.025008,37.5046209,"[{""rank"": 1, ""candidate_name"": ""누들톡"", ""candidate_address"": ""서울특별시 강남구 봉은사로 102 지하"", ""place_id"": ""1627399744"", ""detail_url"": ""https://pcmap.place.naver.com/restaurant/1627399744/home"", ""detail_name"": ""누들톡"", ""detail_road_address"": ""서울 강남구 봉은사로 102 지하"", ""detail_jibun_address"": ""서울 강남구 역삼동 800"", ""normalized_source_name"": ""noodletalk"", ""normalized_detail_name"": ""누들톡"", ""name_comparison"": ""DIFFERENT"", ""normalized_source_address"": ""서울특별시강남구봉은사로지하102지하2층42호누들톡논현동9호선신논현역"", ""normalized_detail_road_address"": ""서울강남구봉은사로102지하"", ""normalized_detail_jibun_address"": ""서울강남구역삼동800"", ""address_comparison"": ""STRONG_MATCH"", ""validation_result"": ""RESOLVED"", ""failure_reason"": ""NAME_MISMATCH"", ""semantic_decision"": ""MATCH"", ""semantic_reason"": ""KOMSCO의 'noodle talk'과 PCMap의 '누들톡'은 동일한 이름으로, 주소도 '서울 강남구 봉은사로 102 지하'로 일치하며, 논현동 범위에 위치하고 있다. 분식 카테고리로 음식점으로 분류되며, 주소와 이름의 일치로 실제 같은 사업체로 판단된다. 다만, KOMSCO의 주소에 층·호·건물명이 생략되어 있어 완전 일치는 어렵지만, 핵심 정보(도로명, 구, 동)가 일치하여 강한 MATCH 증거로 판단된다. 논현동 범위에 속하므로 location_scope는 IN_SCOPE로 판단되며, 음식점으로 분류되어 final_decision은 ACCEPT이다."", ""fatal_veto"": """", ""category"": ""분식 > 종합분식"", ""category_values"": [""분식"", ""종합분식""], ""candidate_road_address"": ""서울 강남구 봉은사로 102 지하"", ""candidate_jibun_address"": ""서울 강남구 역삼동 800"", ""candidate_latitude"": 37.5046209, ""candidate_longitude"": 127.025008, ""entity_match"": ""MATCH"", ""business_type"": ""FOOD"", ""location_scope"": ""IN_SCOPE"", ""final_decision"": ""ACCEPT"", ""semantic_error"": """", ""processing_time_ms"": 13160}]",NOT_ATTEMPTED,,31155
9772,bea2bde91c804f96a699c37d71404a28,핫브레드 논현역점,서울특별시 강남구 학동로 지하102(논현동) 지하2층 731-201호,,,논현동 핫브레드 논현역점,1030261778,https://pcmap.place.naver.com/restaurant/1030261778/home,RESOLVED,PARTIAL,QWEN,True,HIGH,0,1,1,1,1,1,"[{""rank"": 1, ""candidate_name"": ""핫브레드 논현역점"", ""candidate_address"": ""서울특별시 강남구 학동로 102 논현역"", ""place_id"": ""1030261778"", ""detail_url"": ""https://pcmap.place.naver.com/restaurant/1030261778/home"", ""detail_name"": ""핫브레드 논현역점"", ""detail_road_address"": ""서울 강남구 학동로 102 논현역"", ""detail_jibun_address"": ""서울 강남구 논현동 279-67"", ""normalized_source_name"": ""핫브레드논현역점"", ""normalized_detail_name"": ""핫브레드논현역점"", ""name_comparison"": ""EXACT"", ""normalized_source_address"": ""서울특별시강남구학동로지하102논현동지하2층731201호"", ""normalized_detail_road_address"": ""서울강남구학동로102논현역"", ""normalized_detail_jibun_address"": ""서울강남구논현동27967"", ""address_comparison"": ""STRONG_MATCH"", ""validation_result"": ""RESOLVED"", ""failure_reason"": ""DETAIL_EVIDENCE_INSUFFICIENT"", ""semantic_decision"": ""MATCH"", ""semantic_reason"": ""KOMSCO과 PCMap 상세 모두 '핫브레드 논현역점'이라는 동일한 지점명을 사용하고 있으며, 주소도 '서울 강남구 학동로 102 논현역'과 '서울특별시 강남구 학동로 지하102(논현동)'로, 도로명과 건물번호가 일치하며 논현동 범위에 해당합니다. 카테고리도 '카페,디저트 > 베이커리'로 음식점에 해당하므로 business_type은 FOOD로 판단됩니다. 주소와 지점명이 일치하여 entity_match는 MATCH이며, 논현동 범위에 해당하므로 location_scope은 IN_SCOPE입니다. 따라서 최종적으로 ACCEPT로 판단됩니다."", ""fatal_veto"": """", ""category"": ""카페,디저트 > 베이커리"", ""category_values"": [""카페,디저트"", ""베이커리""], ""candidate_road_address"": ""서울 강남구 학동로 102 논현역"", ""candidate_jibun_address"": ""서울 강남구 논현동 279-67"", ""candidate_latitude"": 37.5111987, ""candidate_longitude"": 127.0216578, ""entity_match"": ""MATCH"", ""business_type"": ""FOOD"", ""location_scope"": ""IN_SCOPE"", ""final_decision"": ""ACCEPT"", ""semantic_error"": """", ""processing_time_ms"": 12478}]",PLAYWRIGHT_DOM,NOT_ATTEMPTED,SUCCESS,,0,False,False,SUCCESS,SUCCESS,NO_DATA,SUCCESS,True,10,10,15,10,10,,PARTIAL,,VERIFIED,VERIFIED,"카페,디저트 > 베이커리","[""카페,디저트"", ""베이커리""]",서울 강남구 학동로 102 논현역,서울 강남구 논현동 279-67,127.0216578,37.5111987,"[{""rank"": 1, ""candidate_name"": ""핫브레드 논현역점"", ""candidate_address"": ""서울특별시 강남구 학동로 102 논현역"", ""place_id"": ""1030261778"", ""detail_url"": ""https://pcmap.place.naver.com/restaurant/1030261778/home"", ""detail_name"": ""핫브레드 논현역점"", ""detail_road_address"": ""서울 강남구 학동로 102 논현역"", ""detail_jibun_address"": ""서울 강남구 논현동 279-67"", ""normalized_source_name"": ""핫브레드논현역점"", ""normalized_detail_name"": ""핫브레드논현역점"", ""name_comparison"": ""EXACT"", ""normalized_source_address"": ""서울특별시강남구학동로지하102논현동지하2층731201호"", ""normalized_detail_road_address"": ""서울강남구학동로102논현역"", ""normalized_detail_jibun_address"": ""서울강남구논현동27967"", ""address_comparison"": ""STRONG_MATCH"", ""validation_result"": ""RESOLVED"", ""failure_reason"": ""DETAIL_EVIDENCE_INSUFFICIENT"", ""semantic_decision"": ""MATCH"", ""semantic_reason"": ""KOMSCO과 PCMap 상세 모두 '핫브레드 논현역점'이라는 동일한 지점명을 사용하고 있으며, 주소도 '서울 강남구 학동로 102 논현역'과 '서울특별시 강남구 학동로 지하102(논현동)'로, 도로명과 건물번호가 일치하며 논현동 범위에 해당합니다. 카테고리도 '카페,디저트 > 베이커리'로 음식점에 해당하므로 business_type은 FOOD로 판단됩니다. 주소와 지점명이 일치하여 entity_match는 MATCH이며, 논현동 범위에 해당하므로 location_scope은 IN_SCOPE입니다. 따라서 최종적으로 ACCEPT로 판단됩니다."", ""fatal_veto"": """", ""category"": ""카페,디저트 > 베이커리"", ""category_values"": [""카페,디저트"", ""베이커리""], ""candidate_road_address"": ""서울 강남구 학동로 102 논현역"", ""candidate_jibun_address"": ""서울 강남구 논현동 279-67"", ""candidate_latitude"": 37.5111987, ""candidate_longitude"": 127.0216578, ""entity_match"": ""MATCH"", ""business_type"": ""FOOD"", ""location_scope"": ""IN_SCOPE"", ""final_decision"": ""ACCEPT"", ""semantic_error"": """", ""processing_time_ms"": 12478}]",NOT_ATTEMPTED,,23530
9775,49ba7d653ad34a7806f948c086ffa139,일언족발,서울특별시 강남구 봉은사로37길 11(논현동) 1층,37.5090308,127.0365751,논현동 일언족발,38276825,https://pcmap.place.naver.com/restaurant/38276825/home,RESOLVED,SUCCESS,QWEN,True,HIGH,0,1,1,1,1,1,"[{""rank"": 1, ""candidate_name"": ""일언족발"", ""candidate_address"": ""서울특별시 강남구 봉은사로37길 11 우정빌딩 1층"", ""place_id"": ""38276825"", ""detail_url"": ""https://pcmap.place.naver.com/restaurant/38276825/home"", ""detail_name"": ""일언족발"", ""detail_road_address"": ""서울 강남구 봉은사로37길 11 우정빌딩 1층"", ""detail_jibun_address"": ""서울 강남구 논현동 232-17"", ""normalized_source_name"": ""일언족발"", ""normalized_detail_name"": ""일언족발"", ""name_comparison"": ""EXACT"", ""normalized_source_address"": ""서울특별시강남구봉은사로37길11논현동1층"", ""normalized_detail_road_address"": ""서울강남구봉은사로37길11우정빌딩1층"", ""normalized_detail_jibun_address"": ""서울강남구논현동23217"", ""address_comparison"": ""STRONG_MATCH"", ""validation_result"": ""RESOLVED"", ""failure_reason"": ""DETAIL_EVIDENCE_INSUFFICIENT"", ""semantic_decision"": ""MATCH"", ""semantic_reason"": ""도로명주소와 지번주소가 모두 논현동을 포함하며, 주소가 동일한 것으로 판단됨. KOMSCO와 PCMap의 이름, 주소, 카테고리가 일치하며, 동일한 사업체로 추정됨. 논현동 범위 내에 위치하므로 location_scope는 IN_SCOPE. 음식점으로 분류되며, 모든 정보가 일치하므로 final_decision은 ACCEPT."", ""fatal_veto"": """", ""category"": ""한식 > 족발,보쌈"", ""category_values"": [""한식"", ""족발,보쌈""], ""candidate_road_address"": ""서울 강남구 봉은사로37길 11 우정빌딩 1층"", ""candidate_jibun_address"": ""서울 강남구 논현동 232-17"", ""candidate_latitude"": 37.5090491, ""candidate_longitude"": 127.0366347, ""entity_match"": ""MATCH"", ""business_type"": ""FOOD"", ""location_scope"": ""IN_SCOPE"", ""final_decision"": ""ACCEPT"", ""semantic_error"": """", ""processing_time_ms"": 20025}]",PLAYWRIGHT_DOM,NOT_ATTEMPTED,SUCCESS,8,8,True,False,SUCCESS,SUCCESS,SUCCESS,SUCCESS,True,10,10,15,8,10,,SUCCESS,,VERIFIED,VERIFIED,"한식 > 족발,보쌈","[""한식"", ""족발,보쌈""]",서울 강남구 봉은사로37길 11 우정빌딩 1층,서울 강남구 논현동 232-17,127.0366347,37.5090491,"[{""rank"": 1, ""candidate_name"": ""일언족발"", ""candidate_address"": ""서울특별시 강남구 봉은사로37길 11 우정빌딩 1층"", ""place_id"": ""38276825"", ""detail_url"": ""https://pcmap.place.naver.com/restaurant/38276825/home"", ""detail_name"": ""일언족발"", ""detail_road_address"": ""서울 강남구 봉은사로37길 11 우정빌딩 1층"", ""detail_jibun_address"": ""서울 강남구 논현동 232-17"", ""normalized_source_name"": ""일언족발"", ""normalized_detail_name"": ""일언족발"", ""name_comparison"": ""EXACT"", ""normalized_source_address"": ""서울특별시강남구봉은사로37길11논현동1층"", ""normalized_detail_road_address"": ""서울강남구봉은사로37길11우정빌딩1층"", ""normalized_detail_jibun_address"": ""서울강남구논현동23217"", ""address_comparison"": ""STRONG_MATCH"", ""validation_result"": ""RESOLVED"", ""failure_reason"": ""DETAIL_EVIDENCE_INSUFFICIENT"", ""semantic_decision"": ""MATCH"", ""semantic_reason"": ""도로명주소와 지번주소가 모두 논현동을 포함하며, 주소가 동일한 것으로 판단됨. KOMSCO와 PCMap의 이름, 주소, 카테고리가 일치하며, 동일한 사업체로 추정됨. 논현동 범위 내에 위치하므로 location_scope는 IN_SCOPE. 음식점으로 분류되며, 모든 정보가 일치하므로 final_decision은 ACCEPT."", ""fatal_veto"": """", ""category"": ""한식 > 족발,보쌈"", ""category_values"": [""한식"", ""족발,보쌈""], ""candidate_road_address"": ""서울 강남구 봉은사로37길 11 우정빌딩 1층"", ""candidate_jibun_address"": ""서울 강남구 논현동 232-17"", ""candidate_latitude"": 37.5090491, ""candidate_longitude"": 127.0366347, ""entity_match"": ""MATCH"", ""business_type"": ""FOOD"", ""location_scope"": ""IN_SCOPE"", ""final_decision"": ""ACCEPT"", ""semantic_error"": """", ""processing_time_ms"": 20025}]",NOT_ATTEMPTED,,29825
9787,eb55facccc6a5ab3eacda382443e07e8,한옥집 김치찜,서울특별시 강남구 언주로148길 6 1층 한옥집 김치찜,37.5202022,127.0351511,논현동 한옥집 김치찜,1155739413,https://pcmap.place.naver.com/restaurant/1155739413/home,NOT_FOUND,NOT_ATTEMPTED,QWEN,True,HIGH,0,,1,1,1,1,"[{""rank"": 1, ""candidate_name"": ""한옥집김치찜 GFC몰점"", ""candidate_address"": ""서울특별시 강남구 테헤란로 152 B1 한옥집김치찜"", ""place_id"": ""1155739413"", ""detail_url"": ""https://pcmap.place.naver.com/restaurant/1155739413/home"", ""detail_name"": ""한옥집김치찜 GFC몰점"", ""detail_road_address"": ""서울 강남구 테헤란로 152 B1 한옥집김치찜"", ""detail_jibun_address"": ""서울 강남구 역삼동 737"", ""normalized_source_name"": ""한옥집김치찜"", ""normalized_detail_name"": ""한옥집김치찜gfc몰점"", ""name_comparison"": ""CONTAINED"", ""normalized_source_address"": ""서울특별시강남구언주로148길61층한옥집김치찜"", ""normalized_detail_road_address"": ""서울강남구테헤란로152b1한옥집김치찜"", ""normalized_detail_jibun_address"": ""서울강남구역삼동737"", ""address_comparison"": ""DIFFERENT"", ""validation_result"": ""AMBIGUOUS"", ""failure_reason"": ""OUT_OF_SCOPE"", ""semantic_decision"": ""NO_MATCH"", ""semantic_reason"": ""도로명(언주로148길 vs 테헤란로)과 건물번호(6 vs 152)가 다르며, 동(논현동)이 명시되지 않아 위치 범위가 다르다. 지점명도 다르고, 주소가 서로 다른 지점으로 판단됨."", ""fatal_veto"": """", ""category"": ""음식점 > 한식"", ""category_values"": [""음식점"", ""한식""], ""candidate_road_address"": ""서울 강남구 테헤란로 152 B1 한옥집김치찜"", ""candidate_jibun_address"": ""서울 강남구 역삼동 737"", ""candidate_latitude"": 37.5000262, ""candidate_longitude"": 127.0365456, ""entity_match"": ""NO_MATCH"", ""business_type"": ""FOOD"", ""location_scope"": ""OUT_OF_SCOPE"", ""final_decision"": ""REJECT"", ""semantic_error"": """", ""processing_time_ms"": 31164}]",NONE,NOT_ATTEMPTED,NOT_ATTEMPTED,,0,,False,,,,,False,0,0,0,0,0,,NOT_ATTEMPTED,NO_MATCH,REJECTED,OUT_OF_SCOPE,음식점 > 한식,"[""음식점"", ""한식""]",서울 강남구 테헤란로 152 B1 한옥집김치찜,서울 강남구 역삼동 737,127.0365456,37.5000262,"[{""rank"": 1, ""candidate_name"": ""한옥집김치찜 GFC몰점"", ""candidate_address"": ""서울특별시 강남구 테헤란로 152 B1 한옥집김치찜"", ""place_id"": ""1155739413"", ""detail_url"": ""https://pcmap.place.naver.com/restaurant/1155739413/home"", ""detail_name"": ""한옥집김치찜 GFC몰점"", ""detail_road_address"": ""서울 강남구 테헤란로 152 B1 한옥집김치찜"", ""detail_jibun_address"": ""서울 강남구 역삼동 737"", ""normalized_source_name"": ""한옥집김치찜"", ""normalized_detail_name"": ""한옥집김치찜gfc몰점"", ""name_comparison"": ""CONTAINED"", ""normalized_source_address"": ""서울특별시강남구언주로148길61층한옥집김치찜"", ""normalized_detail_road_address"": ""서울강남구테헤란로152b1한옥집김치찜"", ""normalized_detail_jibun_address"": ""서울강남구역삼동737"", ""address_comparison"": ""DIFFERENT"", ""validation_result"": ""AMBIGUOUS"", ""failure_reason"": ""OUT_OF_SCOPE"", ""semantic_decision"": ""NO_MATCH"", ""semantic_reason"": ""도로명(언주로148길 vs 테헤란로)과 건물번호(6 vs 152)가 다르며, 동(논현동)이 명시되지 않아 위치 범위가 다르다. 지점명도 다르고, 주소가 서로 다른 지점으로 판단됨."", ""fatal_veto"": """", ""category"": ""음식점 > 한식"", ""category_values"": [""음식점"", ""한식""], ""candidate_road_address"": ""서울 강남구 테헤란로 152 B1 한옥집김치찜"", ""candidate_jibun_address"": ""서울 강남구 역삼동 737"", ""candidate_latitude"": 37.5000262, ""candidate_longitude"": 127.0365456, ""entity_match"": ""NO_MATCH"", ""business_type"": ""FOOD"", ""location_scope"": ""OUT_OF_SCOPE"", ""final_decision"": ""REJECT"", ""semantic_error"": """", ""processing_time_ms"": 31164}]",NOT_ATTEMPTED,,154865
9799,bfbdf58e6f501d52f66c0d2e3dcf64e6,술이 그린 밤,서울특별시 강남구 강남대로124길 3-6 102호 술이 그린 밤,37.509078,127.0230903,논현동 술이 그린 밤,1160452164,https://pcmap.place.naver.com/restaurant/1160452164/home,RESOLVED,PARTIAL,QWEN,True,HIGH,0,1,1,1,1,1,"[{""rank"": 1, ""candidate_name"": ""술이 그린 밤"", ""candidate_address"": ""서울특별시 강남구 강남대로124길 3-6 1층"", ""place_id"": ""1160452164"", ""detail_url"": ""https://pcmap.place.naver.com/restaurant/1160452164/home"", ""detail_name"": ""술이 그린 밤"", ""detail_road_address"": ""서울 강남구 강남대로124길 3-6 1층"", ""detail_jibun_address"": ""서울 강남구 논현동 143-16"", ""normalized_source_name"": ""술이그린밤"", ""normalized_detail_name"": ""술이그린밤"", ""name_comparison"": ""EXACT"", ""normalized_source_address"": ""서울특별시강남구강남대로124길36102호술이그린밤"", ""normalized_detail_road_address"": ""서울강남구강남대로124길361층"", ""normalized_detail_jibun_address"": ""서울강남구논현동14316"", ""address_comparison"": ""STRONG_MATCH"", ""validation_result"": ""RESOLVED"", ""failure_reason"": ""DETAIL_EVIDENCE_INSUFFICIENT"", ""semantic_decision"": ""MATCH"", ""semantic_reason"": ""주소에서 '강남구 강남대로124길 3-6'이 일치하며, '논현동'이 포함되어 동일한 지역 범위에 속함. KOMSCO와 PCMap 모두 '술이 그린 밤'이라는 이름이 동일하고, 카테고리도 '술집', '요리주점'으로 음식점에 해당함. 좌표도 매우 가까운 범위에 위치하며, 동일한 사업체로 판단됨."", ""fatal_veto"": """", ""category"": ""술집 > 요리주점"", ""category_values"": [""술집"", ""요리주점""], ""candidate_road_address"": ""서울 강남구 강남대로124길 3-6 1층"", ""candidate_jibun_address"": ""서울 강남구 논현동 143-16"", ""candidate_latitude"": 37.5091258, ""candidate_longitude"": 127.0231764, ""entity_match"": ""MATCH"", ""business_type"": ""FOOD"", ""location_scope"": ""IN_SCOPE"", ""final_decision"": ""ACCEPT"", ""semantic_error"": """", ""processing_time_ms"": 17159}]",PLAYWRIGHT_DOM,NOT_ATTEMPTED,SUCCESS,,22,False,False,SUCCESS,SUCCESS,SUCCESS,SUCCESS,True,10,10,15,9,10,,PARTIAL,,VERIFIED,VERIFIED,술집 > 요리주점,"[""술집"", ""요리주점""]",서울 강남구 강남대로124길 3-6 1층,서울 강남구 논현동 143-16,127.0231764,37.5091258,"[{""rank"": 1, ""candidate_name"": ""술이 그린 밤"", ""candidate_address"": ""서울특별시 강남구 강남대로124길 3-6 1층"", ""place_id"": ""1160452164"", ""detail_url"": ""https://pcmap.place.naver.com/restaurant/1160452164/home"", ""detail_name"": ""술이 그린 밤"", ""detail_road_address"": ""서울 강남구 강남대로124길 3-6 1층"", ""detail_jibun_address"": ""서울 강남구 논현동 143-16"", ""normalized_source_name"": ""술이그린밤"", ""normalized_detail_name"": ""술이그린밤"", ""name_comparison"": ""EXACT"", ""normalized_source_address"": ""서울특별시강남구강남대로124길36102호술이그린밤"", ""normalized_detail_road_address"": ""서울강남구강남대로124길361층"", ""normalized_detail_jibun_address"": ""서울강남구논현동14316"", ""address_comparison"": ""STRONG_MATCH"", ""validation_result"": ""RESOLVED"", ""failure_reason"": ""DETAIL_EVIDENCE_INSUFFICIENT"", ""semantic_decision"": ""MATCH"", ""semantic_reason"": ""주소에서 '강남구 강남대로124길 3-6'이 일치하며, '논현동'이 포함되어 동일한 지역 범위에 속함. KOMSCO와 PCMap 모두 '술이 그린 밤'이라는 이름이 동일하고, 카테고리도 '술집', '요리주점'으로 음식점에 해당함. 좌표도 매우 가까운 범위에 위치하며, 동일한 사업체로 판단됨."", ""fatal_veto"": """", ""category"": ""술집 > 요리주점"", ""category_values"": [""술집"", ""요리주점""], ""candidate_road_address"": ""서울 강남구 강남대로124길 3-6 1층"", ""candidate_jibun_address"": ""서울 강남구 논현동 143-16"", ""candidate_latitude"": 37.5091258, ""candidate_longitude"": 127.0231764, ""entity_match"": ""MATCH"", ""business_type"": ""FOOD"", ""location_scope"": ""IN_SCOPE"", ""final_decision"": ""ACCEPT"", ""semantic_error"": """", ""processing_time_ms"": 17159}]",NOT_ATTEMPTED,,27596
9807,c3cf4ce0e1ad31be42f903b5c938ed03,(주)마리킹 신사역점,서울특별시 강남구 도산대로 지하102(신사동) 327-113호,,,논현동 (주)마리킹 신사역점,,,NOT_FOUND,NOT_ATTEMPTED,NONE,False,,,,0,0,0,0,[],NONE,NOT_ATTEMPTED,NOT_ATTEMPTED,,0,,False,,,,,False,0,0,0,0,0,,NOT_ATTEMPTED,NO_SEARCH_RESULT,REJECTED,NO_SEARCH_RESULT,,,,,,,[],NOT_ATTEMPTED,,10583
