restaurant_id,komsco_name,komsco_address,query,place_id,place_url,resolve_status,detail_status,matcher_source,qwen_used,qwen_confidence,qwen_ranking,resolved_rank,detail_validation_attempts,candidate_count_before_filter,candidate_count_after_filter,qwen_pool_count,validation_attempts_json,detail_access_method,http_result,playwright_result,menu_count,parsed_menu_count,menu_complete,menu_fallback_used,home_status,hours_status,menu_status,review_status,review_requested,review_count,review_keyword_count,review_menu_mention_count,review_theme_count,representative_review_count,detail_warnings,result,reason,persistence_status,persistence_error,elapsed_ms
9559,모우리,서울특별시 강남구 학동로2길 20 (논현동) 논현동 142-9번지 2층,논현동 모우리,269479759,https://pcmap.place.naver.com/restaurant/269479759/home,RESOLVED,PARTIAL,QWEN,True,HIGH,0,1,1,1,1,1,"[{""rank"": 1, ""candidate_name"": ""모우리 한우"", ""candidate_address"": ""서울특별시 강남구 학동로2길 20 2층"", ""place_id"": ""269479759"", ""detail_url"": ""https://pcmap.place.naver.com/restaurant/269479759/home"", ""detail_name"": ""모우리 한우"", ""detail_road_address"": ""서울 강남구 학동로2길 20 2층"", ""detail_jibun_address"": ""서울 강남구 논현동 142-9"", ""normalized_source_name"": ""모우리"", ""normalized_detail_name"": ""모우리한우"", ""name_comparison"": ""CONTAINED"", ""normalized_source_address"": ""서울특별시강남구학동로2길20논현동논현동1429번지2층"", ""normalized_detail_road_address"": ""서울강남구학동로2길202층"", ""normalized_detail_jibun_address"": ""서울강남구논현동1429"", ""address_comparison"": ""STRONG_MATCH"", ""validation_result"": ""RESOLVED"", ""failure_reason"": ""DETAIL_EVIDENCE_INSUFFICIENT"", ""semantic_decision"": ""MATCH"", ""semantic_reason"": ""도로명(학동로2길 20)과 건물번호(20)가 완전히 일치하며, 지번주소(논현동 142-9)도 일치합니다. 주소의 핵심 요소인 도로명과 지번이 동일하여 강한 MATCH 증거입니다. 업종도 한식 소고기구이로 음식점 범주에 속하며, 좌표도 완전히 일치합니다. 지점명의 차이(모우리 vs 모우리 한우)는 브랜드 확장 또는 지점명 변경 가능성으로, 주소와 좌표의 일치로 인해 실제 같은 사업장으로 판단됩니다."", ""fatal_veto"": """"}]",PLAYWRIGHT_DOM,NOT_ATTEMPTED,SUCCESS,,28,False,False,SUCCESS,SUCCESS,SUCCESS,SUCCESS,True,10,10,15,12,10,,PARTIAL,,NOT_ATTEMPTED,,30579
9571,피자스쿨 강남논현점,서울시 강남구 강남대로122길 41 102호,논현동 피자스쿨 강남논현점,34489494,https://pcmap.place.naver.com/restaurant/34489494/home,RESOLVED,PARTIAL,QWEN,True,HIGH,0,1,1,1,1,1,"[{""rank"": 1, ""candidate_name"": ""피자스쿨 논현점"", ""candidate_address"": ""서울특별시 강남구 강남대로122길 41"", ""place_id"": ""34489494"", ""detail_url"": ""https://pcmap.place.naver.com/restaurant/34489494/home"", ""detail_name"": ""피자스쿨 논현점"", ""detail_road_address"": ""서울 강남구 강남대로122길 41"", ""detail_jibun_address"": ""서울 강남구 논현동 159-20"", ""normalized_source_name"": ""피자스쿨강남논현점"", ""normalized_detail_name"": ""피자스쿨논현점"", ""name_comparison"": ""DIFFERENT"", ""normalized_source_address"": ""서울시강남구강남대로122길41102호"", ""normalized_detail_road_address"": ""서울강남구강남대로122길41"", ""normalized_detail_jibun_address"": ""서울강남구논현동15920"", ""address_comparison"": ""STRONG_MATCH"", ""validation_result"": ""RESOLVED"", ""failure_reason"": ""NAME_MISMATCH"", ""semantic_decision"": ""MATCH"", ""semantic_reason"": ""도로명(강남대로122길)과 건물번호(41)가 완전히 일치하며, 주소의 핵심 요소(도로명, 건물번호, 구)가 동일합니다. 지점명은 '논현점'과 '강남논현점'으로, '논현'이라는 지역명이 포함되어 있어 동일한 지점으로 추정됩니다. 업종도 '음식점 > 피자'로 일치하며, 좌표도 매우 가까운 범위에 있습니다. 따라서 이는 실제 같은 사업장으로 판단됩니다."", ""fatal_veto"": """"}]",PLAYWRIGHT_DOM,NOT_ATTEMPTED,SUCCESS,42,42,True,False,SUCCESS,NO_DATA,SUCCESS,SUCCESS,True,10,10,12,7,10,,PARTIAL,,NOT_ATTEMPTED,,25365
9583,파파존스 논현점,서울 강남구 학동로 328 1층 1층,논현동 파파존스 논현점,1806255012,https://pcmap.place.naver.com/restaurant/1806255012/home,RESOLVED,PARTIAL,QWEN,True,HIGH,0,1,1,1,1,1,"[{""rank"": 1, ""candidate_name"": ""파파존스 논현점"", ""candidate_address"": ""서울특별시 강남구 학동로 328 1층"", ""place_id"": ""1806255012"", ""detail_url"": ""https://pcmap.place.naver.com/restaurant/1806255012/home"", ""detail_name"": ""파파존스 논현점"", ""detail_road_address"": ""서울 강남구 학동로 328 1층"", ""detail_jibun_address"": ""서울 강남구 논현동 240-3"", ""normalized_source_name"": ""파파존스논현점"", ""normalized_detail_name"": ""파파존스논현점"", ""name_comparison"": ""EXACT"", ""normalized_source_address"": ""서울강남구학동로3281층1층"", ""normalized_detail_road_address"": ""서울강남구학동로3281층"", ""normalized_detail_jibun_address"": ""서울강남구논현동2403"", ""address_comparison"": ""STRONG_MATCH"", ""validation_result"": ""RESOLVED"", ""failure_reason"": ""DETAIL_EVIDENCE_INSUFFICIENT"", ""semantic_decision"": ""MATCH"", ""semantic_reason"": ""도로명(학동로 328)과 건물번호(1층)이 완전히 일치하며, 주소의 핵심 요소(도로명, 건물번호, 시·구·동)가 동일합니다. KOMSCO의 주소는 '1층 1층'으로 중복되었지만, 이는 단순한 입력 오류일 가능성이 높으며, 실제 위치는 동일합니다. PCMap의 카테고리도 '음식점 > 피자'로 일치하며, 좌표도 매우 가까운 범위에 있습니다. 따라서 이는 실제 동일한 사업장으로 판단됩니다."", ""fatal_veto"": """"}]",PLAYWRIGHT_DOM,NOT_ATTEMPTED,SUCCESS,,24,False,False,SUCCESS,NO_DATA,SUCCESS,SUCCESS,True,10,10,7,7,10,,PARTIAL,,NOT_ATTEMPTED,,24728
9594,돼지가엔푸드,서울특별시 강남구 봉은사로11길 6 (논현동) 지하1층,논현동 돼지가엔푸드,1098991712,https://pcmap.place.naver.com/restaurant/1098991712/home,RESOLVED,PARTIAL,QWEN,True,HIGH,0,1,1,1,1,1,"[{""rank"": 1, ""candidate_name"": ""돼지가엔푸드"", ""candidate_address"": ""서울특별시 강남구 강남대로118길 61 1층/ 101호 돼지가바다에빠진날"", ""place_id"": ""1098991712"", ""detail_url"": ""https://pcmap.place.naver.com/restaurant/1098991712/home"", ""detail_name"": ""돼지가엔푸드"", ""detail_road_address"": ""서울 강남구 강남대로118길 61 1층/ 101호 돼지가바다에빠진날"", ""detail_jibun_address"": ""서울 강남구 논현동 180-13"", ""normalized_source_name"": ""돼지가엔푸드"", ""normalized_detail_name"": ""돼지가엔푸드"", ""name_comparison"": ""EXACT"", ""normalized_source_address"": ""서울특별시강남구봉은사로11길6논현동지하1층"", ""normalized_detail_road_address"": ""서울강남구강남대로118길611층101호돼지가바다에빠진날"", ""normalized_detail_jibun_address"": ""서울강남구논현동18013"", ""address_comparison"": ""DIFFERENT"", ""validation_result"": ""RESOLVED"", ""failure_reason"": ""ADDRESS_MISMATCH"", ""semantic_decision"": ""MATCH"", ""semantic_reason"": ""도로명(강남대로118길)과 건물번호(61)이 일치하며, 지번주소(논현동 180-13)도 KOMSCO 주소(논현동)와 동일합니다. 주소의 핵심 요소인 도로명, 건물번호, 동이 일치하며, 업종도 음식점으로 일치합니다. 지점명(돼지가바다에빠진날)은 KOMSCO의 이름과 동일하며, 층/호 정보는 생략되었지만, 주소의 핵심 동일성 증거가 충분합니다. 따라서 MATCH로 판단합니다."", ""fatal_veto"": """"}]",PLAYWRIGHT_DOM,NOT_ATTEMPTED,SUCCESS,,5,False,False,SUCCESS,SUCCESS,SUCCESS,SUCCESS,True,10,10,15,13,10,,PARTIAL,,NOT_ATTEMPTED,,24715
9606,제이콥스플래닝앤디자인,서울특별시 강남구 학동로53길 3-12 (논현동) 제이콥스플래닝앤디자인,논현동 제이콥스플래닝앤디자인,1940598959,https://pcmap.place.naver.com/restaurant/1940598959/home,NOT_FOUND,NOT_ATTEMPTED,QWEN,True,LOW,0,,1,1,1,1,"[{""rank"": 1, ""candidate_name"": ""제이콥스플래닝앤디자인"", ""candidate_address"": ""서울특별시 강남구 학동로 343 포바강남타워 8층"", ""place_id"": ""1940598959"", ""detail_url"": ""https://pcmap.place.naver.com/restaurant/1940598959/home"", ""detail_name"": ""제이콥스플래닝앤디자인"", ""detail_road_address"": ""서울 강남구 학동로 343 포바강남타워 8층"", ""detail_jibun_address"": ""서울 강남구 논현동 119"", ""normalized_source_name"": ""제이콥스플래닝앤디자인"", ""normalized_detail_name"": ""제이콥스플래닝앤디자인"", ""name_comparison"": ""EXACT"", ""normalized_source_address"": ""서울특별시강남구학동로53길312논현동제이콥스플래닝앤디자인"", ""normalized_detail_road_address"": ""서울강남구학동로343포바강남타워8층"", ""normalized_detail_jibun_address"": ""서울강남구논현동119"", ""address_comparison"": ""DIFFERENT"", ""validation_result"": ""AMBIGUOUS"", ""failure_reason"": ""QWEN_NO_MATCH"", ""semantic_decision"": ""NO_MATCH"", ""semantic_reason"": ""KOMSCO의 주소와 PCMap의 주소, 좌표, 업종이 모두 불일치하며, 업종이 명백히 음식점이 아님. 주소의 핵심 요소(도로명, 건물번호, 동)가 모두 다르므로, 동일한 사업장으로 판단할 수 없음."", ""fatal_veto"": """"}]",NONE,NOT_ATTEMPTED,NOT_ATTEMPTED,,0,,False,,,,,False,0,0,0,0,0,,NOT_ATTEMPTED,NO_MATCH,NOT_ATTEMPTED,,48289
9617,(주)에스지푸드 논현역 마성떡볶이,서울특별시 강남구 학동로 지하 102 (논현동) 지하 1층 732-102호 (논현역),논현동 (주)에스지푸드 논현역 마성떡볶이,,,NOT_FOUND,NOT_ATTEMPTED,NONE,False,,,,0,0,0,0,[],NONE,NOT_ATTEMPTED,NOT_ATTEMPTED,,0,,False,,,,,False,0,0,0,0,0,,NOT_ATTEMPTED,NO_SEARCH_RESULT,NOT_ATTEMPTED,,10775
9619,우정양곱창,서울시 강남구 도산대로30길 23 1층,논현동 우정양곱창,1921750340,https://pcmap.place.naver.com/restaurant/1921750340/home,RESOLVED,PARTIAL,QWEN,True,HIGH,0,1,1,1,1,1,"[{""rank"": 1, ""candidate_name"": ""우정양곱창"", ""candidate_address"": ""서울특별시 강남구 도산대로30길 23 1층 우정양곱창"", ""place_id"": ""1921750340"", ""detail_url"": ""https://pcmap.place.naver.com/restaurant/1921750340/home"", ""detail_name"": ""우정양곱창"", ""detail_road_address"": ""서울 강남구 도산대로30길 23 1층 우정양곱창"", ""detail_jibun_address"": ""서울 강남구 논현동 67-11"", ""normalized_source_name"": ""우정양곱창"", ""normalized_detail_name"": ""우정양곱창"", ""name_comparison"": ""EXACT"", ""normalized_source_address"": ""서울시강남구도산대로30길231층"", ""normalized_detail_road_address"": ""서울강남구도산대로30길231층우정양곱창"", ""normalized_detail_jibun_address"": ""서울강남구논현동6711"", ""address_comparison"": ""STRONG_MATCH"", ""validation_result"": ""RESOLVED"", ""failure_reason"": ""DETAIL_EVIDENCE_INSUFFICIENT"", ""semantic_decision"": ""MATCH"", ""semantic_reason"": ""도로명(도산대로30길 23)과 건물번호(23)가 일치하며, 주소의 핵심 요소(도로명, 건물번호, 구)가 동일합니다. 좌표는 약간 차이가 있지만, 동일한 위치로 추정됩니다. 업종도 한식 > 곱창,막창,양으로 음식점에 해당합니다. 이름과 주소가 일치하며, 다른 정보가 충돌하지 않으므로 MATCH로 판단합니다."", ""fatal_veto"": """"}]",PLAYWRIGHT_DOM,NOT_ATTEMPTED,SUCCESS,,10,False,False,SUCCESS,SUCCESS,SUCCESS,SUCCESS,True,10,10,15,13,10,,PARTIAL,,NOT_ATTEMPTED,,24146
9631,"오늘, 와인한잔","서울특별시 강남구 봉은사로1길 33, 1층 (논현동) 오늘, 와인한잔","논현동 오늘, 와인한잔",1625089699,https://pcmap.place.naver.com/restaurant/1625089699/home,RESOLVED,PARTIAL,QWEN,True,HIGH,"0,1",1,1,2,2,2,"[{""rank"": 1, ""candidate_name"": ""오늘와인한잔 논현점"", ""candidate_address"": ""서울특별시 강남구 봉은사로1길 33 논현빌딩 1층 오늘와인한잔"", ""place_id"": ""1625089699"", ""detail_url"": ""https://pcmap.place.naver.com/restaurant/1625089699/home"", ""detail_name"": ""오늘와인한잔 논현점"", ""detail_road_address"": ""서울 강남구 봉은사로1길 33 논현빌딩 1층 오늘와인한잔"", ""detail_jibun_address"": ""서울 강남구 논현동 165-13"", ""normalized_source_name"": ""오늘와인한잔"", ""normalized_detail_name"": ""오늘와인한잔논현점"", ""name_comparison"": ""CONTAINED"", ""normalized_source_address"": ""서울특별시강남구봉은사로1길331층논현동오늘와인한잔"", ""normalized_detail_road_address"": ""서울강남구봉은사로1길33논현빌딩1층오늘와인한잔"", ""normalized_detail_jibun_address"": ""서울강남구논현동16513"", ""address_comparison"": ""STRONG_MATCH"", ""validation_result"": ""RESOLVED"", ""failure_reason"": ""DETAIL_EVIDENCE_INSUFFICIENT"", ""semantic_decision"": ""MATCH"", ""semantic_reason"": ""도로명, 건물번호, 층수, 지번 주소가 모두 일치하며, 업종도 음식점 범주에 속함. 단순 표현 차이와 좌표 미세 차이만으로도 강한 MATCH 증거로 판단됨."", ""fatal_veto"": """"}]",PLAYWRIGHT_DOM,NOT_ATTEMPTED,SUCCESS,18,18,True,False,SUCCESS,NO_DATA,SUCCESS,SUCCESS,True,10,10,15,10,10,,PARTIAL,,NOT_ATTEMPTED,,47525
9643,반포식스선정릉역점,서울시 강남구 선릉로 603 2층,논현동 반포식스선정릉역점,35781732,https://pcmap.place.naver.com/restaurant/35781732/home,RESOLVED,SUCCESS,QWEN,True,HIGH,0,1,1,1,1,1,"[{""rank"": 1, ""candidate_name"": ""반포식스 선정릉역점"", ""candidate_address"": ""서울특별시 강남구 선릉로 603 2층"", ""place_id"": ""35781732"", ""detail_url"": ""https://pcmap.place.naver.com/restaurant/35781732/home"", ""detail_name"": ""반포식스 선정릉역점"", ""detail_road_address"": ""서울 강남구 선릉로 603 2층"", ""detail_jibun_address"": ""서울 강남구 논현동 278-7"", ""normalized_source_name"": ""반포식스선정릉역점"", ""normalized_detail_name"": ""반포식스선정릉역점"", ""name_comparison"": ""EXACT"", ""normalized_source_address"": ""서울시강남구선릉로6032층"", ""normalized_detail_road_address"": ""서울강남구선릉로6032층"", ""normalized_detail_jibun_address"": ""서울강남구논현동2787"", ""address_comparison"": ""STRONG_MATCH"", ""validation_result"": ""RESOLVED"", ""failure_reason"": ""DETAIL_EVIDENCE_INSUFFICIENT"", ""semantic_decision"": ""MATCH"", ""semantic_reason"": ""도로명(선릉로 603)과 건물번호(603)가 완전히 일치하며, 지번주소(논현동 278-7)도 KOMSCO 주소(선릉로 603)와 동일한 지역을 나타냅니다. 주소 정보가 완전히 일치하고, 업종도 음식점으로 분류되어 있으며, 좌표도 매우 가까운 범위에 있습니다. 단순한 표현 차이(도로명 vs 지번, 층의 표현 등)만으로는 동일성을 판단할 수 있으며, KOMSCO의 정보와 PCMap의 정보가 서로 강한 일치를 보입니다. 따라서 MATCH로 판단합니다."", ""fatal_veto"": """"}]",PLAYWRIGHT_DOM,NOT_ATTEMPTED,SUCCESS,1,41,True,False,SUCCESS,SUCCESS,SUCCESS,SUCCESS,True,10,10,15,13,10,,SUCCESS,,NOT_ATTEMPTED,,23872
9654,지리산,서울특별시 강남구 학동로43길 7 (논현동) 지상,논현동 지리산,36004008,https://pcmap.place.naver.com/restaurant/36004008/home,RESOLVED,SUCCESS,QWEN,True,HIGH,"0,1,2",1,1,3,3,3,"[{""rank"": 1, ""candidate_name"": ""지리산"", ""candidate_address"": ""서울특별시 강남구 학동로43길 7"", ""place_id"": ""36004008"", ""detail_url"": ""https://pcmap.place.naver.com/restaurant/36004008/home"", ""detail_name"": ""지리산"", ""detail_road_address"": ""서울 강남구 학동로43길 7"", ""detail_jibun_address"": ""서울 강남구 논현동 115-6"", ""normalized_source_name"": ""지리산"", ""normalized_detail_name"": ""지리산"", ""name_comparison"": ""EXACT"", ""normalized_source_address"": ""서울특별시강남구학동로43길7논현동지상"", ""normalized_detail_road_address"": ""서울강남구학동로43길7"", ""normalized_detail_jibun_address"": ""서울강남구논현동1156"", ""address_comparison"": ""STRONG_MATCH"", ""validation_result"": ""RESOLVED"", ""failure_reason"": ""DETAIL_EVIDENCE_INSUFFICIENT"", ""semantic_decision"": ""MATCH"", ""semantic_reason"": ""도로명 주소, 지번 주소, 좌표가 모두 일치하며, 카테고리도 음식점으로 명확히 분류되어 있음. KOMSCO의 업종 정보가 없어도 PCMap의 카테고리로 충분히 음식점으로 판단 가능. 동일한 위치와 이름, 주소, 카테고리가 모두 일치하므로 MATCH로 판단"", ""fatal_veto"": """"}]",PLAYWRIGHT_DOM,NOT_ATTEMPTED,SUCCESS,4,4,True,False,SUCCESS,SUCCESS,SUCCESS,SUCCESS,True,10,10,15,10,10,,SUCCESS,,NOT_ATTEMPTED,,26988
9666,봉추찜닭 강남구청역점,서울특별시 강남구 학동로 343 (논현동) 지하2층,논현동 봉추찜닭 강남구청역점,1274117863,https://pcmap.place.naver.com/restaurant/1274117863/home,RESOLVED,PARTIAL,QWEN,True,HIGH,0,1,1,1,1,1,"[{""rank"": 1, ""candidate_name"": ""봉추찜닭 강남구청역점"", ""candidate_address"": ""서울특별시 강남구 학동로 343 (논현동, 더피나클강남) 지하2층"", ""place_id"": ""1274117863"", ""detail_url"": ""https://pcmap.place.naver.com/restaurant/1274117863/home"", ""detail_name"": ""봉추찜닭 강남구청역점"", ""detail_road_address"": ""서울 강남구 학동로 343 (논현동, 더피나클강남) 지하2층"", ""detail_jibun_address"": ""서울 강남구 논현동 119 더피나클강남 지하2층"", ""normalized_source_name"": ""봉추찜닭강남구청역점"", ""normalized_detail_name"": ""봉추찜닭강남구청역점"", ""name_comparison"": ""EXACT"", ""normalized_source_address"": ""서울특별시강남구학동로343논현동지하2층"", ""normalized_detail_road_address"": ""서울강남구학동로343논현동더피나클강남지하2층"", ""normalized_detail_jibun_address"": ""서울강남구논현동119더피나클강남지하2층"", ""address_comparison"": ""STRONG_MATCH"", ""validation_result"": ""RESOLVED"", ""failure_reason"": ""DETAIL_EVIDENCE_INSUFFICIENT"", ""semantic_decision"": ""MATCH"", ""semantic_reason"": ""도로명, 지번, 주소, 업종, 좌표가 모두 일치하며, KOMSCO와 PCMap 상세 정보가 동일한 사업장으로 판단됨. 단순한 표현 차이(예: '서울특별시' vs '서울', '지하2층' vs '지하2층')는 허용되며, 핵심 정보가 일치하므로 MATCH 판단."", ""fatal_veto"": """"}]",PLAYWRIGHT_DOM,NOT_ATTEMPTED,SUCCESS,,13,False,False,SUCCESS,SUCCESS,SUCCESS,SUCCESS,True,10,10,10,11,10,,PARTIAL,,NOT_ATTEMPTED,,21607
9678,The A(더에이),서울특별시 강남구 언주로150길 41 (논현동) The A(더에이),thea더에이,2144350067,https://pcmap.place.naver.com/restaurant/2144350067/home,ERROR,NOT_ATTEMPTED,QWEN,True,LOW,"0,5,7,8,9",,5,10,10,10,"[{""rank"": 1, ""candidate_name"": ""더에이"", ""candidate_address"": ""서울특별시 강남구 언주로150길 41 3층"", ""place_id"": ""13592219"", ""detail_url"": ""https://pcmap.place.naver.com/restaurant/13592219/home"", ""detail_name"": ""더에이"", ""detail_road_address"": ""서울 강남구 언주로150길 41 3층"", ""detail_jibun_address"": ""서울 강남구 논현동 93-10"", ""normalized_source_name"": ""thea더에이"", ""normalized_detail_name"": ""더에이"", ""name_comparison"": ""CONTAINED"", ""normalized_source_address"": ""서울특별시강남구언주로150길41논현동thea더에이"", ""normalized_detail_road_address"": ""서울강남구언주로150길413층"", ""normalized_detail_jibun_address"": ""서울강남구논현동9310"", ""address_comparison"": ""STRONG_MATCH"", ""validation_result"": ""AMBIGUOUS"", ""failure_reason"": ""QWEN_NO_MATCH"", ""semantic_decision"": ""NO_MATCH"", ""semantic_reason"": ""KOMSCO에 음식점으로 등록되어 있지만, PCMap의 업종이 '미용실'로 명확히 다른 경우, 이는 실제 사업장이 다르거나 정보 오류일 가능성이 높음. 주소는 일치하지만, 업종이 명백히 다르므로 'NO_MATCH'로 판단함."", ""fatal_veto"": """"}, {""rank"": 2, ""candidate_name"": ""TheA"", ""candidate_address"": ""대구광역시 수성구 희망로36길 48"", ""place_id"": ""38359370"", ""detail_url"": ""https://pcmap.place.naver.com/restaurant/38359370/home"", ""detail_name"": ""TheA"", ""detail_road_address"": ""대구 수성구 희망로36길 48"", ""detail_jibun_address"": ""대구 수성구 황금동 799-1"", ""normalized_source_name"": ""thea더에이"", ""normalized_detail_name"": ""thea"", ""name_comparison"": ""CONTAINED"", ""normalized_source_address"": ""서울특별시강남구언주로150길41논현동thea더에이"", ""normalized_detail_road_address"": ""대구수성구희망로36길48"", ""normalized_detail_jibun_address"": ""대구수성구황금동7991"", ""address_comparison"": ""DIFFERENT"", ""validation_result"": ""AMBIGUOUS"", ""failure_reason"": ""QWEN_NO_MATCH"", ""semantic_decision"": ""NO_MATCH"", ""semantic_reason"": ""KOMSCO의 음식점은 서울 강남구에 위치하고 있으며, PCMap의 'TheA'는 대구 수성구에 위치한 미용실로, 주소, 업종, 위치가 모두 다르므로 실제 같은 사업장이 아님"", ""fatal_veto"": """"}, {""rank"": 3, ""candidate_name"": ""더에이 the A 영어회화"", ""candidate_address"": ""서울특별시 송파구 법원로 90 파트너스 2차 401호"", ""place_id"": ""1390817940"", ""detail_url"": ""https://pcmap.place.naver.com/restaurant/1390817940/home"", ""detail_name"": ""더에이 the A 영어회화"", ""detail_road_address"": ""서울 송파구 법원로 90 파트너스 2차 401호"", ""detail_jibun_address"": ""서울 송파구 문정동 651-15"", ""normalized_source_name"": ""thea더에이"", ""normalized_detail_name"": ""더에이thea영어회화"", ""name_comparison"": ""DIFFERENT"", ""normalized_source_address"": ""서울특별시강남구언주로150길41논현동thea더에이"", ""normalized_detail_road_address"": ""서울송파구법원로90파트너스2차401호"", ""normalized_detail_jibun_address"": ""서울송파구문정동65115"", ""address_comparison"": ""DIFFERENT"", ""validation_result"": ""AMBIGUOUS"", ""failure_reason"": ""QWEN_NO_MATCH"", ""semantic_decision"": ""NO_MATCH"", ""semantic_reason"": ""업종이 음식점이 아니고, 주소와 좌표가 모두 다르므로 동일한 사업장으로 판단할 수 없음"", ""fatal_veto"": """"}, {""rank"": 4, ""candidate_name"": ""더에이에이랩"", ""candidate_address"": ""서울특별시 종로구 새문안로2길 10"", ""place_id"": ""1594671621"", ""detail_url"": ""https://pcmap.place.naver.com/restaurant/1594671621/home"", ""detail_name"": ""더에이에이랩"", ""detail_road_address"": ""서울 종로구 새문안로2길 10"", ""detail_jibun_address"": ""서울 종로구 신문로2가 171"", ""normalized_source_name"": ""thea더에이"", ""normalized_detail_name"": ""더에이에이랩"", ""name_comparison"": ""DIFFERENT"", ""normalized_source_address"": ""서울특별시강남구언주로150길41논현동thea더에이"", ""normalized_detail_road_address"": ""서울종로구새문안로2길10"", ""normalized_detail_jibun_address"": ""서울종로구신문로2가171"", ""address_comparison"": ""DIFFERENT"", ""validation_result"": ""AMBIGUOUS"", ""failure_reason"": ""QWEN_NO_MATCH"", ""semantic_decision"": ""NO_MATCH"", ""semantic_reason"": ""이름, 주소, 업종, 좌표 모두 명백히 불일치하여 실제 같은 사업장으로 판단 불가"", ""fatal_veto"": """"}]",NONE,NOT_ATTEMPTED,NOT_ATTEMPTED,,0,,False,,,,,False,0,0,0,0,0,,NOT_ATTEMPTED,QWEN_SEMANTIC_FAILURE;Qwen semantic response failed after one retry,NOT_ATTEMPTED,,231631
9690,단스시,서울특별시 강남구 언주로 652(논현동) 쿠쿠빌딩2층,논현동 단스시,20601226,https://pcmap.place.naver.com/restaurant/20601226/home,RESOLVED,PARTIAL,QWEN,True,HIGH,0,1,1,1,1,1,"[{""rank"": 1, ""candidate_name"": ""단스시"", ""candidate_address"": ""서울특별시 강남구 언주로 652 쿠쿠빌딩"", ""place_id"": ""20601226"", ""detail_url"": ""https://pcmap.place.naver.com/restaurant/20601226/home"", ""detail_name"": ""단스시"", ""detail_road_address"": ""서울 강남구 언주로 652 쿠쿠빌딩"", ""detail_jibun_address"": ""서울 강남구 논현동 238"", ""normalized_source_name"": ""단스시"", ""normalized_detail_name"": ""단스시"", ""name_comparison"": ""EXACT"", ""normalized_source_address"": ""서울특별시강남구언주로652논현동쿠쿠빌딩2층"", ""normalized_detail_road_address"": ""서울강남구언주로652쿠쿠빌딩"", ""normalized_detail_jibun_address"": ""서울강남구논현동238"", ""address_comparison"": ""STRONG_MATCH"", ""validation_result"": ""RESOLVED"", ""failure_reason"": ""DETAIL_EVIDENCE_INSUFFICIENT"", ""semantic_decision"": ""MATCH"", ""semantic_reason"": ""도로명(언주로 652)과 건물번호(652)가 완전히 일치하며, 지번주소(논현동 238)도 KOMSCO 주소(논현동)와 동일한 동을 나타내므로 주소의 핵심 정보가 일치합니다. 업종도 일식으로 일치하며, 좌표도 매우 가까운 범위에 위치합니다. 단어 순서나 건물명 생략 등은 주소의 핵심 위치가 같거나 양립할 수 있는 범위에 속하므로, 강한 MATCH 증거로 판단합니다."", ""fatal_veto"": """"}]",PLAYWRIGHT_DOM,NOT_ATTEMPTED,SUCCESS,41,41,True,False,SUCCESS,NO_DATA,SUCCESS,SUCCESS,True,10,10,15,13,10,,PARTIAL,,NOT_ATTEMPTED,,24182
9701,사계절투어,"서울특별시 강남구 학동로 170 410호(논현동, 베트라이프빌딩)",논현동 사계절투어,1095098957,https://pcmap.place.naver.com/restaurant/1095098957/home,RESOLVED,PARTIAL,QWEN,True,HIGH,0,1,1,1,1,1,"[{""rank"": 1, ""candidate_name"": ""사계절투어"", ""candidate_address"": ""서울특별시 강남구 학동로 170 410호"", ""place_id"": ""1095098957"", ""detail_url"": ""https://pcmap.place.naver.com/restaurant/1095098957/home"", ""detail_name"": ""사계절투어"", ""detail_road_address"": ""서울 강남구 학동로 170 410호"", ""detail_jibun_address"": ""서울 강남구 논현동 128-7"", ""normalized_source_name"": ""사계절투어"", ""normalized_detail_name"": ""사계절투어"", ""name_comparison"": ""EXACT"", ""normalized_source_address"": ""서울특별시강남구학동로170410호논현동베트라이프빌딩"", ""normalized_detail_road_address"": ""서울강남구학동로170410호"", ""normalized_detail_jibun_address"": ""서울강남구논현동1287"", ""address_comparison"": ""STRONG_MATCH"", ""validation_result"": ""RESOLVED"", ""failure_reason"": ""DETAIL_EVIDENCE_INSUFFICIENT"", ""semantic_decision"": ""MATCH"", ""semantic_reason"": ""주소 정보는 도로명(학동로 170)과 건물번호(410호)가 완전히 일치하며, 좌표도 동일합니다. KOMSCO의 주소는 지번주소(논현동 128-7)가 포함되어 있지만, PCMap의 도로명주소와 지번주소는 서로 다른 표현 방식이지만 위치가 동일합니다. 업종은 '서비스,산업 > 여행사'로, 음식점이 아닙니다. 따라서 KOMSCO의 '사계절투어'가 PCMap의 '사계절투어'와 동일한 사업장으로 판단됩니다."", ""fatal_veto"": """"}]",PLAYWRIGHT_DOM,NOT_ATTEMPTED,SUCCESS,,0,False,False,SUCCESS,SUCCESS,NO_DATA,NO_DATA,True,0,0,0,0,0,,PARTIAL,,NOT_ATTEMPTED,,22169
9713,김밥나라,서울특별시 강남구 강남대로120길 40 (논현동) 1층,논현동 김밥나라,,,NOT_FOUND,NOT_ATTEMPTED,NONE,False,,,,0,0,0,0,[],NONE,NOT_ATTEMPTED,NOT_ATTEMPTED,,0,,False,,,,,False,0,0,0,0,0,,NOT_ATTEMPTED,NO_SEARCH_RESULT,NOT_ATTEMPTED,,91380
9722,호두당 신사점,서울특별시 강남구 도산대로 지하102(신사동) 327-114호,논현동 호두당 신사점,,,NOT_FOUND,NOT_ATTEMPTED,NONE,False,,,,0,0,0,0,[],NONE,NOT_ATTEMPTED,NOT_ATTEMPTED,,0,,False,,,,,False,0,0,0,0,0,,NOT_ATTEMPTED,NO_SEARCH_RESULT,NOT_ATTEMPTED,,8118
9726,알잘딱깔센,"서울특별시 강남구 학동로34길 24, 지상1층 (논현동) 알잘딱깔센",논현동 알잘딱깔센,,,NOT_FOUND,NOT_ATTEMPTED,NONE,False,,,,0,0,0,0,[],NONE,NOT_ATTEMPTED,NOT_ATTEMPTED,,0,,False,,,,,False,0,0,0,0,0,,NOT_ATTEMPTED,NO_SEARCH_RESULT,NOT_ATTEMPTED,,26429
9738,오수양푼이동태탕,"서울특별시 강남구 논현로111길 18, 1층 (논현동) 오수양푼이동태탕",논현동 오수양푼이동태탕,,,NOT_FOUND,NOT_ATTEMPTED,NONE,False,,,,0,0,0,0,[],NONE,NOT_ATTEMPTED,NOT_ATTEMPTED,,0,,False,,,,,False,0,0,0,0,0,,NOT_ATTEMPTED,NO_SEARCH_RESULT,NOT_ATTEMPTED,,29091
9750,종로떡폐백,서울시 강남구 강남대로124길 19 1층 101-2호,논현동 종로떡폐백,,,NOT_FOUND,NOT_ATTEMPTED,NONE,False,,,,0,0,0,0,[],NONE,NOT_ATTEMPTED,NOT_ATTEMPTED,,0,,False,,,,,False,0,0,0,0,0,,NOT_ATTEMPTED,NO_SEARCH_RESULT,NOT_ATTEMPTED,,56177
9761,도리토리본점,서울시 강남구 선릉로127길 5 1동,논현동 도리토리본점,1313653997,https://pcmap.place.naver.com/restaurant/1313653997/home,NOT_FOUND,NOT_ATTEMPTED,QWEN,True,LOW,0,,1,1,1,1,"[{""rank"": 1, ""candidate_name"": ""도리토리 본점"", ""candidate_address"": ""서울특별시 강남구 선릉로121길 8 1층"", ""place_id"": ""1313653997"", ""detail_url"": ""https://pcmap.place.naver.com/restaurant/1313653997/home"", ""detail_name"": ""도리토리 본점"", ""detail_road_address"": ""서울 강남구 선릉로121길 8 1층"", ""detail_jibun_address"": ""서울 강남구 논현동 254-20"", ""normalized_source_name"": ""도리토리본점"", ""normalized_detail_name"": ""도리토리본점"", ""name_comparison"": ""EXACT"", ""normalized_source_address"": ""서울시강남구선릉로127길51동"", ""normalized_detail_road_address"": ""서울강남구선릉로121길81층"", ""normalized_detail_jibun_address"": ""서울강남구논현동25420"", ""address_comparison"": ""DIFFERENT"", ""validation_result"": ""AMBIGUOUS"", ""failure_reason"": ""QWEN_NO_MATCH"", ""semantic_decision"": ""NO_MATCH"", ""semantic_reason"": ""도로명과 건물번호가 서로 다르며, 주소의 핵심 정보(도로명, 건물번호)가 일치하지 않음. 지점명은 유사하지만, 주소와 좌표가 명백히 다름. KOMSCO의 주소와 PCMap의 주소는 서로 다른 위치를 나타냄. 따라서 실제 사업장이 동일하지 않음."", ""fatal_veto"": """"}]",NONE,NOT_ATTEMPTED,NOT_ATTEMPTED,,0,,False,,,,,False,0,0,0,0,0,,NOT_ATTEMPTED,NO_MATCH,NOT_ATTEMPTED,,40296
9763,noodle talk,"서울특별시 강남구 봉은사로 지하 102 지하2층, 4-2호 누들톡 (논현동, 9호선 신논현역)",noodletalk,1627399744,https://pcmap.place.naver.com/restaurant/1627399744/home,RESOLVED,SUCCESS,QWEN,True,HIGH,0,1,1,1,1,1,"[{""rank"": 1, ""candidate_name"": ""누들톡"", ""candidate_address"": ""서울특별시 강남구 봉은사로 102 지하"", ""place_id"": ""1627399744"", ""detail_url"": ""https://pcmap.place.naver.com/restaurant/1627399744/home#"", ""detail_name"": ""누들톡"", ""detail_road_address"": ""서울 강남구 봉은사로 102 지하"", ""detail_jibun_address"": """", ""normalized_source_name"": ""noodletalk"", ""normalized_detail_name"": ""누들톡"", ""name_comparison"": ""DIFFERENT"", ""normalized_source_address"": ""서울특별시강남구봉은사로지하102지하2층42호누들톡논현동9호선신논현역"", ""normalized_detail_road_address"": ""서울강남구봉은사로102지하"", ""normalized_detail_jibun_address"": """", ""address_comparison"": ""STRONG_MATCH"", ""validation_result"": ""RESOLVED"", ""failure_reason"": ""NAME_MISMATCH"", ""semantic_decision"": ""MATCH"", ""semantic_reason"": ""도로명과 건물번호가 일치하며, 주소의 핵심 정보(도로명, 구, 지하)가 동일하고, 카테고리도 음식점으로 일치하므로 실제 같은 사업장으로 판단됨"", ""fatal_veto"": """"}]",PLAYWRIGHT_DOM,NOT_ATTEMPTED,SUCCESS,20,20,True,False,SUCCESS,SUCCESS,SUCCESS,SUCCESS,True,10,10,15,11,10,,SUCCESS,,NOT_ATTEMPTED,,50730
9772,핫브레드 논현역점,서울특별시 강남구 학동로 지하102(논현동) 지하2층 731-201호,논현동 핫브레드 논현역점,1030261778,https://pcmap.place.naver.com/restaurant/1030261778/home,RESOLVED,PARTIAL,QWEN,True,HIGH,0,1,1,1,1,1,"[{""rank"": 1, ""candidate_name"": ""핫브레드 논현역점"", ""candidate_address"": ""서울특별시 강남구 학동로 102 논현역"", ""place_id"": ""1030261778"", ""detail_url"": ""https://pcmap.place.naver.com/restaurant/1030261778/home"", ""detail_name"": ""핫브레드 논현역점"", ""detail_road_address"": ""서울 강남구 학동로 102 논현역"", ""detail_jibun_address"": ""서울 강남구 논현동 279-67"", ""normalized_source_name"": ""핫브레드논현역점"", ""normalized_detail_name"": ""핫브레드논현역점"", ""name_comparison"": ""EXACT"", ""normalized_source_address"": ""서울특별시강남구학동로지하102논현동지하2층731201호"", ""normalized_detail_road_address"": ""서울강남구학동로102논현역"", ""normalized_detail_jibun_address"": ""서울강남구논현동27967"", ""address_comparison"": ""STRONG_MATCH"", ""validation_result"": ""RESOLVED"", ""failure_reason"": ""DETAIL_EVIDENCE_INSUFFICIENT"", ""semantic_decision"": ""MATCH"", ""semantic_reason"": ""이름, 주소(도로명 + 지번), 업종이 모두 일치하며, KOMSCO의 주소 정보가 PCMap의 주소 정보와 동일한 위치를 가리킴. 층, 호, 건물명은 생략되었으나, 핵심 주소 정보가 일치하여 강한 MATCH 증거"", ""fatal_veto"": """"}]",PLAYWRIGHT_DOM,NOT_ATTEMPTED,SUCCESS,,0,False,False,SUCCESS,SUCCESS,NO_DATA,SUCCESS,True,10,10,15,10,10,,PARTIAL,,NOT_ATTEMPTED,,22595
9775,일언족발,서울특별시 강남구 봉은사로37길 11(논현동) 1층,논현동 일언족발,38276825,https://pcmap.place.naver.com/restaurant/38276825/home,RESOLVED,SUCCESS,QWEN,True,HIGH,0,1,1,1,1,1,"[{""rank"": 1, ""candidate_name"": ""일언족발"", ""candidate_address"": ""서울특별시 강남구 봉은사로37길 11 우정빌딩 1층"", ""place_id"": ""38276825"", ""detail_url"": ""https://pcmap.place.naver.com/restaurant/38276825/home"", ""detail_name"": ""일언족발"", ""detail_road_address"": ""서울 강남구 봉은사로37길 11 우정빌딩 1층"", ""detail_jibun_address"": ""서울 강남구 논현동 232-17"", ""normalized_source_name"": ""일언족발"", ""normalized_detail_name"": ""일언족발"", ""name_comparison"": ""EXACT"", ""normalized_source_address"": ""서울특별시강남구봉은사로37길11논현동1층"", ""normalized_detail_road_address"": ""서울강남구봉은사로37길11우정빌딩1층"", ""normalized_detail_jibun_address"": ""서울강남구논현동23217"", ""address_comparison"": ""STRONG_MATCH"", ""validation_result"": ""RESOLVED"", ""failure_reason"": ""DETAIL_EVIDENCE_INSUFFICIENT"", ""semantic_decision"": ""MATCH"", ""semantic_reason"": ""도로명, 건물명, 지번, 좌표 등 주소 핵심 정보가 일치하며, 업종도 음식점으로 명확히 분류됨. 단순한 표현 차이(예: '논현동' vs '논현동 232-17', '1층' vs '1층')나 생략(예: '우정빌딩' 생략)은 동일성 판단에 영향을 주지 않음. KOMSCO와 PCMap 모두 동일한 사업장으로 추정됨."", ""fatal_veto"": """"}]",PLAYWRIGHT_DOM,NOT_ATTEMPTED,SUCCESS,8,8,True,False,SUCCESS,SUCCESS,SUCCESS,SUCCESS,True,10,10,15,8,10,,SUCCESS,,NOT_ATTEMPTED,,27166
9787,한옥집 김치찜,서울특별시 강남구 언주로148길 6 1층 한옥집 김치찜,논현동 한옥집 김치찜,1155739413,https://pcmap.place.naver.com/restaurant/1155739413/home,ERROR,NOT_ATTEMPTED,QWEN,True,HIGH,0,,1,1,1,1,[],NONE,NOT_ATTEMPTED,NOT_ATTEMPTED,,0,,False,,,,,False,0,0,0,0,0,,NOT_ATTEMPTED,QWEN_SEMANTIC_FAILURE;Qwen semantic response failed after one retry,NOT_ATTEMPTED,,107387
9799,술이 그린 밤,서울특별시 강남구 강남대로124길 3-6 102호 술이 그린 밤,논현동 술이 그린 밤,1160452164,https://pcmap.place.naver.com/restaurant/1160452164/home,RESOLVED,PARTIAL,QWEN,True,HIGH,0,1,1,1,1,1,"[{""rank"": 1, ""candidate_name"": ""술이 그린 밤"", ""candidate_address"": ""서울특별시 강남구 강남대로124길 3-6 1층"", ""place_id"": ""1160452164"", ""detail_url"": ""https://pcmap.place.naver.com/restaurant/1160452164/home"", ""detail_name"": ""술이 그린 밤"", ""detail_road_address"": ""서울 강남구 강남대로124길 3-6 1층"", ""detail_jibun_address"": ""서울 강남구 논현동 143-16"", ""normalized_source_name"": ""술이그린밤"", ""normalized_detail_name"": ""술이그린밤"", ""name_comparison"": ""EXACT"", ""normalized_source_address"": ""서울특별시강남구강남대로124길36102호술이그린밤"", ""normalized_detail_road_address"": ""서울강남구강남대로124길361층"", ""normalized_detail_jibun_address"": ""서울강남구논현동14316"", ""address_comparison"": ""STRONG_MATCH"", ""validation_result"": ""RESOLVED"", ""failure_reason"": ""DETAIL_EVIDENCE_INSUFFICIENT"", ""semantic_decision"": ""MATCH"", ""semantic_reason"": ""도로명, 지번, 주소, 카테고리, 좌표가 모두 일치하며, KOMSCO와 PCMap의 정보는 동일한 사업장으로 판단됨"", ""fatal_veto"": """"}]",PLAYWRIGHT_DOM,NOT_ATTEMPTED,SUCCESS,,22,False,False,SUCCESS,SUCCESS,SUCCESS,SUCCESS,True,10,10,15,9,10,,PARTIAL,,NOT_ATTEMPTED,,20211
9807,(주)마리킹 신사역점,서울특별시 강남구 도산대로 지하102(신사동) 327-113호,논현동 (주)마리킹 신사역점,,,NOT_FOUND,NOT_ATTEMPTED,NONE,False,,,,0,0,0,0,[],NONE,NOT_ATTEMPTED,NOT_ATTEMPTED,,0,,False,,,,,False,0,0,0,0,0,,NOT_ATTEMPTED,NO_SEARCH_RESULT,NOT_ATTEMPTED,,10635
9812,테이블105,서울특별시 강남구 도산대로26길 11 (논현동) 1층 테이블105,논현동 테이블105,1079116414,https://pcmap.place.naver.com/restaurant/1079116414/home,RESOLVED,SUCCESS,QWEN,True,HIGH,0,1,1,1,1,1,"[{""rank"": 1, ""candidate_name"": ""테이블105 논현8번지"", ""candidate_address"": ""서울특별시 강남구 도산대로26길 11"", ""place_id"": ""1079116414"", ""detail_url"": ""https://pcmap.place.naver.com/restaurant/1079116414/home"", ""detail_name"": ""테이블105 논현8번지"", ""detail_road_address"": ""서울 강남구 도산대로26길 11"", ""detail_jibun_address"": ""서울 강남구 논현동 8"", ""normalized_source_name"": ""테이블105"", ""normalized_detail_name"": ""테이블105논현8번지"", ""name_comparison"": ""CONTAINED"", ""normalized_source_address"": ""서울특별시강남구도산대로26길11논현동1층테이블105"", ""normalized_detail_road_address"": ""서울강남구도산대로26길11"", ""normalized_detail_jibun_address"": ""서울강남구논현동8"", ""address_comparison"": ""STRONG_MATCH"", ""validation_result"": ""RESOLVED"", ""failure_reason"": ""DETAIL_EVIDENCE_INSUFFICIENT"", ""semantic_decision"": ""MATCH"", ""semantic_reason"": ""도로명(도산대로26길 11)과 건물번호(11)가 완전히 일치하며, 주소의 핵심 요소(도로명, 건물번호, 구)가 동일합니다. 업종도 '음식점 > 한식'으로 일치하며, 좌표도 매우 가까운 범위에 위치합니다. 이름은 '테이블105'와 '테이블105 논현8번지'로, '테이블105'라는 핵심 상호명이 동일합니다. '논현8번지'는 지번주소로, 논현동은 동일한 구역을 나타내므로, 주소의 핵심 동일성 증거로 인정됩니다. 따라서 이는 실제 같은 사업장으로 판단됩니다."", ""fatal_veto"": """"}]",PLAYWRIGHT_DOM,NOT_ATTEMPTED,SUCCESS,10,10,True,False,SUCCESS,SUCCESS,SUCCESS,SUCCESS,True,10,0,7,3,10,,SUCCESS,,NOT_ATTEMPTED,,23108
9823,방일해장국,서울특별시 강남구 봉은사로37길 31 (논현동) 1층방일해장국,논현동 방일해장국,13156287,https://pcmap.place.naver.com/restaurant/13156287/home,RESOLVED,PARTIAL,QWEN,True,HIGH,0,1,1,1,1,1,"[{""rank"": 1, ""candidate_name"": ""방일해장국 논현점"", ""candidate_address"": ""서울특별시 강남구 봉은사로37길 31"", ""place_id"": ""13156287"", ""detail_url"": ""https://pcmap.place.naver.com/restaurant/13156287/home"", ""detail_name"": ""방일해장국 논현점"", ""detail_road_address"": ""서울 강남구 봉은사로37길 31"", ""detail_jibun_address"": ""서울 강남구 논현동 226-3"", ""normalized_source_name"": ""방일해장국"", ""normalized_detail_name"": ""방일해장국논현점"", ""name_comparison"": ""CONTAINED"", ""normalized_source_address"": ""서울특별시강남구봉은사로37길31논현동1층방일해장국"", ""normalized_detail_road_address"": ""서울강남구봉은사로37길31"", ""normalized_detail_jibun_address"": ""서울강남구논현동2263"", ""address_comparison"": ""STRONG_MATCH"", ""validation_result"": ""RESOLVED"", ""failure_reason"": ""DETAIL_EVIDENCE_INSUFFICIENT"", ""semantic_decision"": ""MATCH"", ""semantic_reason"": ""주소의 도로명(봉은사로37길)과 건물번호(31)가 완전히 일치하며, 좌표도 매우 가까운 위치에 위치합니다. 업종도 '한식 > 해장국'으로 일치합니다. '논현점'이라는 지점명은 KOMSCO의 주소에 포함된 '논현동'과 연계될 수 있으며, 이는 동일한 사업장일 가능성을 높입니다. 다만, KOMSCO의 주소에 '1층'이 포함되어 있고, PCMap에는 '1층'이 생략된 점은 주소의 표현 차이로 보아 허용됩니다. 따라서 주소와 업종, 좌표가 모두 일치하여 강한 MATCH 증거로 판단합니다."", ""fatal_veto"": """"}]",PLAYWRIGHT_DOM,NOT_ATTEMPTED,SUCCESS,6,6,True,False,SUCCESS,NO_DATA,SUCCESS,SUCCESS,True,10,10,15,10,10,,PARTIAL,,NOT_ATTEMPTED,,26206
9835,보전식당,서울시 강남구 언주로 725 보전식당,논현동 보전식당,18509081,https://pcmap.place.naver.com/restaurant/18509081/home,RESOLVED,PARTIAL,QWEN,True,LOW,"0,1",1,1,2,2,2,"[{""rank"": 1, ""candidate_name"": ""보전식당"", ""candidate_address"": ""서울특별시 강남구 언주로 725"", ""place_id"": ""18509081"", ""detail_url"": ""https://pcmap.place.naver.com/restaurant/18509081/home"", ""detail_name"": ""보전식당"", ""detail_road_address"": ""서울 강남구 언주로 725"", ""detail_jibun_address"": ""서울 강남구 논현동 70-13"", ""normalized_source_name"": ""보전식당"", ""normalized_detail_name"": ""보전식당"", ""name_comparison"": ""EXACT"", ""normalized_source_address"": ""서울시강남구언주로725보전식당"", ""normalized_detail_road_address"": ""서울강남구언주로725"", ""normalized_detail_jibun_address"": ""서울강남구논현동7013"", ""address_comparison"": ""STRONG_MATCH"", ""validation_result"": ""RESOLVED"", ""failure_reason"": ""DETAIL_EVIDENCE_INSUFFICIENT"", ""semantic_decision"": ""MATCH"", ""semantic_reason"": ""도로명(언주로 725)과 건물번호(725)가 완전히 일치하며, 주소의 핵심 요소(도로명, 건물번호, 구)가 동일합니다. 업종도 '보전식당'으로 명확히 일치합니다. 좌표 차이도 미미하며, 실제 사업장으로 판단됩니다."", ""fatal_veto"": """"}]",PLAYWRIGHT_DOM,NOT_ATTEMPTED,SUCCESS,3,0,False,False,SUCCESS,NO_DATA,NO_DATA,SUCCESS,True,10,10,2,0,10,,PARTIAL,,NOT_ATTEMPTED,,23781
9847,풍천장어,서울특별시 강남구 학동로2길 40(논현동) 풍천장어,논현동 풍천장어,33252316,https://pcmap.place.naver.com/restaurant/33252316/home,RESOLVED,PARTIAL,QWEN,True,HIGH,"0,1,2",1,1,3,3,3,"[{""rank"": 1, ""candidate_name"": ""풍천장어"", ""candidate_address"": ""서울특별시 강남구 학동로2길 40 논현동 143ㅡ24"", ""place_id"": ""33252316"", ""detail_url"": ""https://pcmap.place.naver.com/restaurant/33252316/home"", ""detail_name"": ""풍천장어"", ""detail_road_address"": ""서울 강남구 학동로2길 40 논현동 143ㅡ24"", ""detail_jibun_address"": ""서울 강남구 논현동 143-24 143ㅡ24"", ""normalized_source_name"": ""풍천장어"", ""normalized_detail_name"": ""풍천장어"", ""name_comparison"": ""EXACT"", ""normalized_source_address"": ""서울특별시강남구학동로2길40논현동풍천장어"", ""normalized_detail_road_address"": ""서울강남구학동로2길40논현동14324"", ""normalized_detail_jibun_address"": ""서울강남구논현동1432414324"", ""address_comparison"": ""STRONG_MATCH"", ""validation_result"": ""RESOLVED"", ""failure_reason"": ""DETAIL_EVIDENCE_INSUFFICIENT"", ""semantic_decision"": ""MATCH"", ""semantic_reason"": ""도로명, 지번, 주소, 업종, 좌표가 모두 일치하며, 동일한 브랜드명과 위치를 가진 음식점으로 판단됨. 정보가 생략된 경우도 아닌 명확한 일치"", ""fatal_veto"": """"}]",PLAYWRIGHT_DOM,NOT_ATTEMPTED,SUCCESS,3,3,True,False,SUCCESS,NO_DATA,SUCCESS,SUCCESS,True,10,10,3,6,10,,PARTIAL,,NOT_ATTEMPTED,,20881
9859,탕탕미엔,"서울특별시 강남구 강남대로122길 16, 1층 1호 (논현동) 탕탕미엔",논현동 탕탕미엔,,,NOT_FOUND,NOT_ATTEMPTED,NONE,False,,,,0,0,0,0,[],NONE,NOT_ATTEMPTED,NOT_ATTEMPTED,,0,,False,,,,,False,0,0,0,0,0,,NOT_ATTEMPTED,NO_SEARCH_RESULT,NOT_ATTEMPTED,,8120
9871,나주곰탕,"서울특별시 강남구 학동로 221 (논현동, 지상1층) 나주곰탕",논현동 나주곰탕,35643684,https://pcmap.place.naver.com/restaurant/35643684/home,RESOLVED,SUCCESS,QWEN,True,HIGH,"0,1,2,3,5",1,1,7,7,7,"[{""rank"": 1, ""candidate_name"": ""곰작골나주곰탕 학동점"", ""candidate_address"": ""서울특별시 강남구 학동로 221 예진빌딩"", ""place_id"": ""35643684"", ""detail_url"": ""https://pcmap.place.naver.com/restaurant/35643684/home"", ""detail_name"": ""곰작골나주곰탕 학동점"", ""detail_road_address"": ""서울 강남구 학동로 221 예진빌딩"", ""detail_jibun_address"": ""서울 강남구 논현동 89-19"", ""normalized_source_name"": ""나주곰탕"", ""normalized_detail_name"": ""곰작골나주곰탕학동점"", ""name_comparison"": ""CONTAINED"", ""normalized_source_address"": ""서울특별시강남구학동로221논현동지상1층나주곰탕"", ""normalized_detail_road_address"": ""서울강남구학동로221예진빌딩"", ""normalized_detail_jibun_address"": ""서울강남구논현동8919"", ""address_comparison"": ""STRONG_MATCH"", ""validation_result"": ""RESOLVED"", ""failure_reason"": ""DETAIL_EVIDENCE_INSUFFICIENT"", ""semantic_decision"": ""MATCH"", ""semantic_reason"": ""도로명(학동로 221)과 건물번호(예진빌딩)가 일치하며, 주소의 핵심 요소(도로명, 건물번호)가 동일합니다. KOMSCO의 주소(논현동, 지상1층)는 PCMap의 지번주소(논현동 89-19)와 동일한 동을 나타내며, 지상1층은 건물 내 위치를 나타내는 정보로, 생략된 경우도 가능합니다. 업종은 '한식 > 곰탕,설렁탕'으로 음식점으로 분류되어 있으며, 이름은 '나주곰탕'과 '곰작골나주곰탕 학동점'으로 브랜드명이 동일합니다. 좌표는 약간 차이가 있지만, 동일한 위치를 나타내는 것으로 판단됩니다. 따라서, 주소와 업종, 브랜드명이 일치하며, 핵심 정보가 동일하므로 MATCH로 판단합니다."", ""fatal_veto"": """"}]",PLAYWRIGHT_DOM,NOT_ATTEMPTED,SUCCESS,11,11,True,False,SUCCESS,SUCCESS,SUCCESS,SUCCESS,True,10,10,15,11,10,,SUCCESS,,NOT_ATTEMPTED,,29469
9882,학동부대,서울특별시 강남구 학동로 224(논현동) B 101호 B 102호,논현동 학동부대,1648484876,https://pcmap.place.naver.com/restaurant/1648484876/home,RESOLVED,SUCCESS,QWEN,True,HIGH,"0,1,2",1,1,3,3,3,"[{""rank"": 1, ""candidate_name"": ""학동부대"", ""candidate_address"": ""서울특별시 강남구 학동로 224 B101, B102"", ""place_id"": ""1648484876"", ""detail_url"": ""https://pcmap.place.naver.com/restaurant/1648484876/home"", ""detail_name"": ""학동부대"", ""detail_road_address"": ""서울 강남구 학동로 224 B101, B102"", ""detail_jibun_address"": ""서울 강남구 논현동 209"", ""normalized_source_name"": ""학동부대"", ""normalized_detail_name"": ""학동부대"", ""name_comparison"": ""EXACT"", ""normalized_source_address"": ""서울특별시강남구학동로224논현동b101호b102호"", ""normalized_detail_road_address"": ""서울강남구학동로224b101b102"", ""normalized_detail_jibun_address"": ""서울강남구논현동209"", ""address_comparison"": ""STRONG_MATCH"", ""validation_result"": ""RESOLVED"", ""failure_reason"": ""DETAIL_EVIDENCE_INSUFFICIENT"", ""semantic_decision"": ""MATCH"", ""semantic_reason"": ""도로명, 건물번호, 주소 형식, 카테고리, 좌표 모두 일치하며, KOMSCO와 PCMap의 정보가 서로 보완적입니다. 동일한 사업장으로 판단됩니다."", ""fatal_veto"": """"}]",PLAYWRIGHT_DOM,NOT_ATTEMPTED,SUCCESS,10,10,True,False,SUCCESS,SUCCESS,SUCCESS,SUCCESS,True,10,10,15,8,10,,SUCCESS,,NOT_ATTEMPTED,,20956
9894,반포식스 논현점,서울특별시 강남구 강남대로118길 51 (논현동) 2층 반포식스,논현동 반포식스 논현점,37815174,https://pcmap.place.naver.com/restaurant/37815174/home,RESOLVED,PARTIAL,QWEN,True,HIGH,0,1,1,1,1,1,"[{""rank"": 1, ""candidate_name"": ""반포식스 논현점"", ""candidate_address"": ""서울특별시 강남구 강남대로118길 51 2층"", ""place_id"": ""37815174"", ""detail_url"": ""https://pcmap.place.naver.com/restaurant/37815174/home"", ""detail_name"": ""반포식스 논현점"", ""detail_road_address"": ""서울 강남구 강남대로118길 51 2층"", ""detail_jibun_address"": ""서울 강남구 논현동 180-18"", ""normalized_source_name"": ""반포식스논현점"", ""normalized_detail_name"": ""반포식스논현점"", ""name_comparison"": ""EXACT"", ""normalized_source_address"": ""서울특별시강남구강남대로118길51논현동2층반포식스"", ""normalized_detail_road_address"": ""서울강남구강남대로118길512층"", ""normalized_detail_jibun_address"": ""서울강남구논현동18018"", ""address_comparison"": ""STRONG_MATCH"", ""validation_result"": ""RESOLVED"", ""failure_reason"": ""DETAIL_EVIDENCE_INSUFFICIENT"", ""semantic_decision"": ""MATCH"", ""semantic_reason"": ""도로명(강남대로118길 51)과 건물번호(51)이 일치하며, 지번주소(논현동 180-18)도 일치합니다. 주소의 핵심 요소인 도로명과 건물번호가 동일하고, 지점명(논현점)도 일치합니다. KOMSCO의 주소는 '강남대로118길 51 (논현동) 2층'으로, PCMap의 '강남대로118길 51 2층'과 동일합니다. 업종도 '음식점 > 베트남음식'으로 일치하며, 좌표도 매우 가까운 위치입니다. 따라서 이는 실제 같은 사업장으로 판단됩니다."", ""fatal_veto"": """"}]",PLAYWRIGHT_DOM,NOT_ATTEMPTED,SUCCESS,31,31,True,False,SUCCESS,NO_DATA,SUCCESS,SUCCESS,True,10,10,15,13,10,,PARTIAL,,NOT_ATTEMPTED,,24934
9906,케이디,"서울특별시 강남구 학동로43길 38 (논현동, 논현웰스톤) 지하1층 B141호",논현동 케이디,1665837561,https://pcmap.place.naver.com/restaurant/1665837561/home,ERROR,NOT_ATTEMPTED,QWEN,True,LOW,"2,8,4,10,9",,2,15,12,12,"[{""rank"": 1, ""candidate_name"": ""스튜디오케이디"", ""candidate_address"": ""서울특별시 강남구 봉은사로33길 33 3층 325호"", ""place_id"": ""1135075588"", ""detail_url"": ""https://pcmap.place.naver.com/restaurant/1135075588/home"", ""detail_name"": ""스튜디오케이디"", ""detail_road_address"": ""서울 강남구 봉은사로33길 33 3층 325호"", ""detail_jibun_address"": ""서울 강남구 논현동 227-4"", ""normalized_source_name"": ""케이디"", ""normalized_detail_name"": ""스튜디오케이디"", ""name_comparison"": ""CONTAINED"", ""normalized_source_address"": ""서울특별시강남구학동로43길38논현동논현웰스톤지하1층b141호"", ""normalized_detail_road_address"": ""서울강남구봉은사로33길333층325호"", ""normalized_detail_jibun_address"": ""서울강남구논현동2274"", ""address_comparison"": ""DIFFERENT"", ""validation_result"": ""AMBIGUOUS"", ""failure_reason"": ""QWEN_NO_MATCH"", ""semantic_decision"": ""NO_MATCH"", ""semantic_reason"": ""PCMap의 업종이 음식점이 아님을 확인. 도로명, 건물번호, 좌표가 모두 불일치하며, 업종이 명백히 다른 것으로 확인됨. 동일 브랜드라도 업종과 위치가 다르므로 NO_MATCH."", ""fatal_veto"": """"}]",NONE,NOT_ATTEMPTED,NOT_ATTEMPTED,,0,,False,,,,,False,0,0,0,0,0,,NOT_ATTEMPTED,QWEN_SEMANTIC_FAILURE;Qwen semantic response failed after one retry,NOT_ATTEMPTED,,134576
9918,하남돼지집 학동역점,서울특별시 강남구 언주로133길 18(논현동) 1층,논현동 하남돼지집 학동역점,103557699,https://pcmap.place.naver.com/restaurant/103557699/home,RESOLVED,PARTIAL,QWEN,True,HIGH,0,1,1,1,1,1,"[{""rank"": 1, ""candidate_name"": ""하남돼지집 학동역점"", ""candidate_address"": ""서울특별시 강남구 언주로133길 18"", ""place_id"": ""103557699"", ""detail_url"": ""https://pcmap.place.naver.com/restaurant/103557699/home"", ""detail_name"": ""하남돼지집 학동역점"", ""detail_road_address"": ""서울 강남구 언주로133길 18"", ""detail_jibun_address"": ""서울 강남구 논현동 83-10"", ""normalized_source_name"": ""하남돼지집학동역점"", ""normalized_detail_name"": ""하남돼지집학동역점"", ""name_comparison"": ""EXACT"", ""normalized_source_address"": ""서울특별시강남구언주로133길18논현동1층"", ""normalized_detail_road_address"": ""서울강남구언주로133길18"", ""normalized_detail_jibun_address"": ""서울강남구논현동8310"", ""address_comparison"": ""STRONG_MATCH"", ""validation_result"": ""RESOLVED"", ""failure_reason"": ""DETAIL_EVIDENCE_INSUFFICIENT"", ""semantic_decision"": ""MATCH"", ""semantic_reason"": ""도로명, 건물번호, 지번 주소, 업종, 좌표가 모두 일치하며, 이름도 완전 일치하여 명백한 동일 사업장으로 판단됨"", ""fatal_veto"": """"}]",PLAYWRIGHT_DOM,NOT_ATTEMPTED,SUCCESS,,10,False,False,SUCCESS,SUCCESS,SUCCESS,SUCCESS,True,10,10,15,7,10,,PARTIAL,,NOT_ATTEMPTED,,20457
9930,텐트리키친,서울특별시 강남구 학동로4길 35(논현동) 지하1층,논현동 텐트리키친,1946818857,https://pcmap.place.naver.com/restaurant/1946818857/home,RESOLVED,SUCCESS,QWEN,True,HIGH,0,1,1,1,1,1,"[{""rank"": 1, ""candidate_name"": ""텐트리키친"", ""candidate_address"": ""서울특별시 강남구 학동로4길 35 지하 101호"", ""place_id"": ""1946818857"", ""detail_url"": ""https://pcmap.place.naver.com/restaurant/1946818857/home#"", ""detail_name"": ""텐트리키친"", ""detail_road_address"": ""서울 강남구 학동로4길 35 지하 101호"", ""detail_jibun_address"": """", ""normalized_source_name"": ""텐트리키친"", ""normalized_detail_name"": ""텐트리키친"", ""name_comparison"": ""EXACT"", ""normalized_source_address"": ""서울특별시강남구학동로4길35논현동지하1층"", ""normalized_detail_road_address"": ""서울강남구학동로4길35지하101호"", ""normalized_detail_jibun_address"": """", ""address_comparison"": ""STRONG_MATCH"", ""validation_result"": ""RESOLVED"", ""failure_reason"": ""DETAIL_EVIDENCE_INSUFFICIENT"", ""semantic_decision"": ""MATCH"", ""semantic_reason"": ""도로명, 지번, 지하층, 호수 등 주소 정보가 완전히 일치하며, 업종도 음식점으로 분류되어 있음. KOMSCO와 PCMap의 주소 및 좌표가 동일하여 실제 사업장으로 판단됨."", ""fatal_veto"": """"}]",PLAYWRIGHT_DOM,NOT_ATTEMPTED,SUCCESS,2,2,True,False,SUCCESS,SUCCESS,SUCCESS,SUCCESS,True,10,10,1,0,10,,SUCCESS,,NOT_ATTEMPTED,,18597
9941,본죽본죽&비빔밥 강남구청역점,서울특별시 강남구 선릉로131길 24 (논현동) 1층,논현동 본죽본죽&비빔밥 강남구청역점,1085849913,https://pcmap.place.naver.com/restaurant/1085849913/home,RESOLVED,PARTIAL,QWEN,True,HIGH,0,1,1,1,1,1,"[{""rank"": 1, ""candidate_name"": ""본죽&비빔밥cafe 강남구청역점"", ""candidate_address"": ""서울특별시 강남구 선릉로131길 24 1층"", ""place_id"": ""1085849913"", ""detail_url"": ""https://pcmap.place.naver.com/restaurant/1085849913/home"", ""detail_name"": ""본죽&비빔밥cafe 강남구청역점"", ""detail_road_address"": ""서울 강남구 선릉로131길 24 1층"", ""detail_jibun_address"": ""서울 강남구 논현동 112-3"", ""normalized_source_name"": ""본죽본죽비빔밥강남구청역점"", ""normalized_detail_name"": ""본죽비빔밥cafe강남구청역점"", ""name_comparison"": ""DIFFERENT"", ""normalized_source_address"": ""서울특별시강남구선릉로131길24논현동1층"", ""normalized_detail_road_address"": ""서울강남구선릉로131길241층"", ""normalized_detail_jibun_address"": ""서울강남구논현동1123"", ""address_comparison"": ""STRONG_MATCH"", ""validation_result"": ""RESOLVED"", ""failure_reason"": ""NAME_MISMATCH"", ""semantic_decision"": ""MATCH"", ""semantic_reason"": ""도로명, 건물번호, 지번, 층, 카테고리, 좌표가 모두 일치하거나 매우 유사하여 실제 같은 사업장으로 판단됨"", ""fatal_veto"": """"}]",PLAYWRIGHT_DOM,NOT_ATTEMPTED,SUCCESS,,20,False,False,SUCCESS,NO_DATA,SUCCESS,SUCCESS,True,10,10,15,13,10,,PARTIAL,,NOT_ATTEMPTED,,43482
9953,빨간떡볶이,서울특별시 강남구 강남대로118길 62 (논현동) 지하1층 103호,논현동 빨간떡볶이,1089646956,https://pcmap.place.naver.com/restaurant/1089646956/home,RESOLVED,SUCCESS,QWEN,True,HIGH,0,1,1,1,1,1,"[{""rank"": 1, ""candidate_name"": ""논현동빨간떡볶이"", ""candidate_address"": ""서울특별시 강남구 강남대로118길 62 1층 빨간떡볶이"", ""place_id"": ""1089646956"", ""detail_url"": ""https://pcmap.place.naver.com/restaurant/1089646956/home"", ""detail_name"": ""논현동빨간떡볶이"", ""detail_road_address"": ""서울 강남구 강남대로118길 62 1층 빨간떡볶이"", ""detail_jibun_address"": ""서울 강남구 논현동 187-4"", ""normalized_source_name"": ""빨간떡볶이"", ""normalized_detail_name"": ""논현동빨간떡볶이"", ""name_comparison"": ""CONTAINED"", ""normalized_source_address"": ""서울특별시강남구강남대로118길62논현동지하1층103호"", ""normalized_detail_road_address"": ""서울강남구강남대로118길621층빨간떡볶이"", ""normalized_detail_jibun_address"": ""서울강남구논현동1874"", ""address_comparison"": ""STRONG_MATCH"", ""validation_result"": ""RESOLVED"", ""failure_reason"": ""DETAIL_EVIDENCE_INSUFFICIENT"", ""semantic_decision"": ""MATCH"", ""semantic_reason"": ""KOMSCO의 주소(서울특별시 강남구 강남대로118길 62 (논현동) 지하1층 103호)와 PCMap의 도로명주소(서울 강남구 강남대로118길 62 1층 빨간떡볶이)는 도로명과 건물번호가 완전히 일치하며, 논현동이라는 동 정보도 포함되어 있음. 주소의 핵심 요소인 도로명과 건물번호가 동일하고, 지점명(논현동)도 포함되어 있어 브랜드와 위치가 일치함. PCMap의 카테고리(분식 > 종합분식)는 음식점으로 분류되어 있음. 좌표도 매우 가까운 범위에 위치함. 따라서 이는 실제 같은 사업장으로 판단됨."", ""fatal_veto"": """"}]",PLAYWRIGHT_DOM,NOT_ATTEMPTED,SUCCESS,17,17,True,False,SUCCESS,SUCCESS,SUCCESS,SUCCESS,True,10,10,15,11,10,,SUCCESS,,NOT_ATTEMPTED,,26262
9965,마구로다찌,서울시 강남구 언주로150길 48 1층 102호 마구로다찌(논현동),마구로다찌,1052931265,https://pcmap.place.naver.com/restaurant/1052931265/home,ERROR,NOT_ATTEMPTED,QWEN,True,LOW,"0,1,2,3,4",,2,8,8,8,"[{""rank"": 1, ""candidate_name"": ""마구로다찌"", ""candidate_address"": ""경기도 부천시 원미구 신흥로 140 상가9동 114호"", ""place_id"": ""38300349"", ""detail_url"": ""https://pcmap.place.naver.com/restaurant/38300349/home"", ""detail_name"": ""마구로다찌"", ""detail_road_address"": ""경기 부천시 원미구 신흥로 140 상가9동 114호"", ""detail_jibun_address"": ""경기 부천시 원미구 중동 1114"", ""normalized_source_name"": ""마구로다찌"", ""normalized_detail_name"": ""마구로다찌"", ""name_comparison"": ""EXACT"", ""normalized_source_address"": ""서울시강남구언주로150길481층102호마구로다찌논현동"", ""normalized_detail_road_address"": ""경기부천시원미구신흥로140상가9동114호"", ""normalized_detail_jibun_address"": ""경기부천시원미구중동1114"", ""address_comparison"": ""DIFFERENT"", ""validation_result"": ""AMBIGUOUS"", ""failure_reason"": ""QWEN_NO_MATCH"", ""semantic_decision"": ""NO_MATCH"", ""semantic_reason"": ""주소의 핵심 요소(도로명, 건물번호, 시·구·동)가 모두 다르므로, 동일한 사업장으로 판단할 수 없습니다. 브랜드명이 동일하더라도 지점이 다르거나 위치가 명백히 다른 경우 NO_MATCH로 처리합니다."", ""fatal_veto"": """"}]",NONE,NOT_ATTEMPTED,NOT_ATTEMPTED,,0,,False,,,,,False,0,0,0,0,0,,NOT_ATTEMPTED,QWEN_SEMANTIC_FAILURE;Qwen semantic response failed after one retry,NOT_ATTEMPTED,,63547
9977,돌곰네,"서울특별시 강남구 언주로146길 18 (논현동, 동현아파트) 동현상가 지하",논현동 돌곰네,13505971,https://pcmap.place.naver.com/restaurant/13505971/home,RESOLVED,PARTIAL,QWEN,True,HIGH,0,1,1,1,1,1,"[{""rank"": 1, ""candidate_name"": ""돌곰네"", ""candidate_address"": ""서울특별시 강남구 언주로146길 18 동현상가 지하 돌곰네"", ""place_id"": ""13505971"", ""detail_url"": ""https://pcmap.place.naver.com/restaurant/13505971/home"", ""detail_name"": ""돌곰네"", ""detail_road_address"": ""서울 강남구 언주로146길 18 동현상가 지하 돌곰네"", ""detail_jibun_address"": ""서울 강남구 논현동 105"", ""normalized_source_name"": ""돌곰네"", ""normalized_detail_name"": ""돌곰네"", ""name_comparison"": ""EXACT"", ""normalized_source_address"": ""서울특별시강남구언주로146길18논현동동현아파트동현상가지하"", ""normalized_detail_road_address"": ""서울강남구언주로146길18동현상가지하돌곰네"", ""normalized_detail_jibun_address"": ""서울강남구논현동105"", ""address_comparison"": ""STRONG_MATCH"", ""validation_result"": ""RESOLVED"", ""failure_reason"": ""DETAIL_EVIDENCE_INSUFFICIENT"", ""semantic_decision"": ""MATCH"", ""semantic_reason"": ""도로명, 건물번호, 지번, 주소 구성이 모두 일치하며, 업종도 음식점으로 명확히 분류됨. 좌표 차이가 미미하여 실제 위치가 동일한 것으로 판단됨."", ""fatal_veto"": """"}]",PLAYWRIGHT_DOM,NOT_ATTEMPTED,SUCCESS,,37,False,False,SUCCESS,SUCCESS,SUCCESS,SUCCESS,True,10,10,15,14,10,,PARTIAL,,NOT_ATTEMPTED,,20816
9988,태권브이,서울특별시 강남구 강남대로124길 3-6 3층 태권브이,논현동 태권브이,1138320397,https://pcmap.place.naver.com/restaurant/1138320397/home,RESOLVED,PARTIAL,QWEN,True,LOW,"0,1",1,1,2,2,2,"[{""rank"": 1, ""candidate_name"": ""태권브이"", ""candidate_address"": ""서울특별시 강남구 강남대로124길 3-6 3층"", ""place_id"": ""1138320397"", ""detail_url"": ""https://pcmap.place.naver.com/restaurant/1138320397/home"", ""detail_name"": ""태권브이"", ""detail_road_address"": ""서울 강남구 강남대로124길 3-6 3층"", ""detail_jibun_address"": ""서울 강남구 논현동 143-16"", ""normalized_source_name"": ""태권브이"", ""normalized_detail_name"": ""태권브이"", ""name_comparison"": ""EXACT"", ""normalized_source_address"": ""서울특별시강남구강남대로124길363층태권브이"", ""normalized_detail_road_address"": ""서울강남구강남대로124길363층"", ""normalized_detail_jibun_address"": ""서울강남구논현동14316"", ""address_comparison"": ""STRONG_MATCH"", ""validation_result"": ""RESOLVED"", ""failure_reason"": ""DETAIL_EVIDENCE_INSUFFICIENT"", ""semantic_decision"": ""MATCH"", ""semantic_reason"": ""주소 정보에서 도로명(강남대로124길), 건물번호(3-6), 층(3층)이 완전히 일치하며, 좌표도 매우 근접하여 동일한 위치로 판단됨. 업종은 '술집 > 맥주,호프'로 음식점 범주에 속함. 이름도 동일하며, KOMSCO의 주소와 PCMap의 도로명주소가 정확히 일치함. 단순한 표현 차이(예: '서울특별시' vs '서울')나 생략(예: '논현동 143-16' 생략)은 주소 핵심 정보가 동일함을 반영함. 따라서 이는 실제 동일한 사업장으로 판단됨."", ""fatal_veto"": """"}]",PLAYWRIGHT_DOM,NOT_ATTEMPTED,SUCCESS,,0,False,False,SUCCESS,SUCCESS,NO_DATA,SUCCESS,True,10,10,3,7,10,,PARTIAL,,NOT_ATTEMPTED,,29033
10000,(주)청담고수 논현점,서울특별시 강남구 논현로149길 12(논현동) 1층 (논현동),청담고수논현점,1008380466,https://pcmap.place.naver.com/restaurant/1008380466/home,ERROR,NOT_ATTEMPTED,QWEN,True,LOW,"0,1",,1,2,2,2,[],NONE,NOT_ATTEMPTED,NOT_ATTEMPTED,,0,,False,,,,,False,0,0,0,0,0,,NOT_ATTEMPTED,QWEN_SEMANTIC_FAILURE;Qwen semantic response failed after one retry,NOT_ATTEMPTED,,50985
10012,나향반점,서울특별시 강남구 선릉로111길 43 (논현동) 나향반점,논현동 나향반점,1311241822,https://pcmap.place.naver.com/restaurant/1311241822/home,RESOLVED,SUCCESS,QWEN,True,HIGH,0,1,1,1,1,1,"[{""rank"": 1, ""candidate_name"": ""나향반점"", ""candidate_address"": ""서울특별시 강남구 선릉로111길 43 1층"", ""place_id"": ""1311241822"", ""detail_url"": ""https://pcmap.place.naver.com/restaurant/1311241822/home"", ""detail_name"": ""나향반점"", ""detail_road_address"": ""서울 강남구 선릉로111길 43 1층"", ""detail_jibun_address"": ""서울 강남구 논현동 277-1"", ""normalized_source_name"": ""나향반점"", ""normalized_detail_name"": ""나향반점"", ""name_comparison"": ""EXACT"", ""normalized_source_address"": ""서울특별시강남구선릉로111길43논현동나향반점"", ""normalized_detail_road_address"": ""서울강남구선릉로111길431층"", ""normalized_detail_jibun_address"": ""서울강남구논현동2771"", ""address_comparison"": ""STRONG_MATCH"", ""validation_result"": ""RESOLVED"", ""failure_reason"": ""DETAIL_EVIDENCE_INSUFFICIENT"", ""semantic_decision"": ""MATCH"", ""semantic_reason"": ""도로명, 지번, 주소, 카테고리, 좌표가 모두 일치하며, KOMSCO와 PCMap의 정보는 동일한 사업장으로 판단됨"", ""fatal_veto"": """"}]",PLAYWRIGHT_DOM,NOT_ATTEMPTED,SUCCESS,11,11,True,False,SUCCESS,SUCCESS,SUCCESS,SUCCESS,True,10,10,15,10,10,,SUCCESS,,NOT_ATTEMPTED,,20591
10024,논현감자탕,"서울특별시 강남구 학동로 235, 2층 (논현동) 논현감자탕",논현동 논현감자탕,1702659927,https://pcmap.place.naver.com/restaurant/1702659927/home,RESOLVED,PARTIAL,QWEN,True,HIGH,"0,7,4,3,9",1,1,14,12,12,"[{""rank"": 1, ""candidate_name"": ""논현감자탕"", ""candidate_address"": ""서울특별시 강남구 학동로 235 로이빌딩 2층 논현감자탕"", ""place_id"": ""1702659927"", ""detail_url"": ""https://pcmap.place.naver.com/restaurant/1702659927/home"", ""detail_name"": ""논현감자탕"", ""detail_road_address"": ""서울 강남구 학동로 235 로이빌딩 2층 논현감자탕"", ""detail_jibun_address"": ""서울 강남구 논현동 90-6"", ""normalized_source_name"": ""논현감자탕"", ""normalized_detail_name"": ""논현감자탕"", ""name_comparison"": ""EXACT"", ""normalized_source_address"": ""서울특별시강남구학동로2352층논현동논현감자탕"", ""normalized_detail_road_address"": ""서울강남구학동로235로이빌딩2층논현감자탕"", ""normalized_detail_jibun_address"": ""서울강남구논현동906"", ""address_comparison"": ""STRONG_MATCH"", ""validation_result"": ""RESOLVED"", ""failure_reason"": ""DETAIL_EVIDENCE_INSUFFICIENT"", ""semantic_decision"": ""MATCH"", ""semantic_reason"": ""도로명(학동로 235)과 건물번호(235)가 일치하며, 주소의 핵심 요소(도로명, 구, 시)가 동일합니다. KOMSCO의 주소(논현동)와 PCMap의 지번주소(논현동 90-6)는 동일한 동을 나타내며, 좌표도 매우 가까운 범위에 있습니다. 업종도 '한식 > 감자탕'으로 일치합니다. 건물명(로이빌딩)과 층(2층)은 생략되었지만, 핵심 주소와 업종이 일치하므로 강한 MATCH 증거로 판단합니다."", ""fatal_veto"": """"}]",PLAYWRIGHT_DOM,NOT_ATTEMPTED,SUCCESS,,16,False,False,SUCCESS,SUCCESS,SUCCESS,SUCCESS,True,10,10,15,14,10,,PARTIAL,,NOT_ATTEMPTED,,26833
10036,금홍 짬뽕,"서울시 강남구 논현로149길 35 금홍짬뽕(논현동, 동보빌딩)",논현동 금홍 짬뽕,20897287,https://pcmap.place.naver.com/restaurant/20897287/home,RESOLVED,SUCCESS,QWEN,True,HIGH,0,1,1,1,1,1,"[{""rank"": 1, ""candidate_name"": ""금홍"", ""candidate_address"": ""서울특별시 강남구 논현로149길 35"", ""place_id"": ""20897287"", ""detail_url"": ""https://pcmap.place.naver.com/restaurant/20897287/home"", ""detail_name"": ""금홍"", ""detail_road_address"": ""서울 강남구 논현로149길 35"", ""detail_jibun_address"": ""서울 강남구 논현동 10-5"", ""normalized_source_name"": ""금홍짬뽕"", ""normalized_detail_name"": ""금홍"", ""name_comparison"": ""CONTAINED"", ""normalized_source_address"": ""서울시강남구논현로149길35금홍짬뽕논현동동보빌딩"", ""normalized_detail_road_address"": ""서울강남구논현로149길35"", ""normalized_detail_jibun_address"": ""서울강남구논현동105"", ""address_comparison"": ""STRONG_MATCH"", ""validation_result"": ""RESOLVED"", ""failure_reason"": ""DETAIL_EVIDENCE_INSUFFICIENT"", ""semantic_decision"": ""MATCH"", ""semantic_reason"": ""도로명(논현로149길)과 건물번호(35)가 완전히 일치하며, 주소의 핵심 요소(도로명, 건물번호)가 동일하고, 업종이 중식당으로 음식점에 해당하며, 좌표도 매우 가까운 범위에 위치함. '금홍'이라는 상호명이 동일하고, '논현로149길 35'라는 도로명과 건물번호가 일치하여 강한 MATCH 증거가 존재함. KOMSCO의 주소에 '논현동, 동보빌딩'이 추가되어 있지만, 이는 상세한 위치 정보로 볼 수 있으며, PCMap의 주소 정보가 동일한 도로명과 건물번호를 기반으로 하므로, 실제 사업장이 동일한 것으로 판단됨."", ""fatal_veto"": """"}]",PLAYWRIGHT_DOM,NOT_ATTEMPTED,SUCCESS,23,23,True,False,SUCCESS,SUCCESS,SUCCESS,SUCCESS,True,10,10,15,11,10,,SUCCESS,,NOT_ATTEMPTED,,28695
10047,리미지,서울특별시 강남구 언주로147길 18 지1층 리미지,논현동 리미지,1475532395,https://pcmap.place.naver.com/restaurant/1475532395/home,NOT_FOUND,NOT_ATTEMPTED,QWEN,True,LOW,"10,6,8,7,11",,5,20,12,12,"[{""rank"": 1, ""candidate_name"": ""이미지컴스튜디오"", ""candidate_address"": ""서울특별시 강남구 학동로 318 유경빌딩 별관 B1"", ""place_id"": ""1388236675"", ""detail_url"": ""https://pcmap.place.naver.com/restaurant/1388236675/home"", ""detail_name"": ""이미지컴스튜디오"", ""detail_road_address"": ""서울 강남구 학동로 318 유경빌딩 별관 B1"", ""detail_jibun_address"": ""서울 강남구 논현동 239-1"", ""normalized_source_name"": ""리미지"", ""normalized_detail_name"": ""이미지컴스튜디오"", ""name_comparison"": ""DIFFERENT"", ""normalized_source_address"": ""서울특별시강남구언주로147길18지1층리미지"", ""normalized_detail_road_address"": ""서울강남구학동로318유경빌딩별관b1"", ""normalized_detail_jibun_address"": ""서울강남구논현동2391"", ""address_comparison"": ""DIFFERENT"", ""validation_result"": ""AMBIGUOUS"", ""failure_reason"": ""QWEN_NO_MATCH"", ""semantic_decision"": ""NO_MATCH"", ""semantic_reason"": ""주소, 업종, 이름 등 핵심 정보가 모두 불일치하며, PCMap의 카테고리가 비음식 업종으로 명백히 다른 사업장으로 판단됨"", ""fatal_veto"": """"}, {""rank"": 2, ""candidate_name"": ""이미지팩토리 논현점"", ""candidate_address"": ""서울특별시 강남구 선릉로137길 18-7 지하2층"", ""place_id"": ""1264594524"", ""detail_url"": ""https://pcmap.place.naver.com/restaurant/1264594524/home"", ""detail_name"": ""이미지팩토리 논현점"", ""detail_road_address"": ""서울 강남구 선릉로137길 18-7 지하2층"", ""detail_jibun_address"": ""서울 강남구 논현동 104-6"", ""normalized_source_name"": ""리미지"", ""normalized_detail_name"": ""이미지팩토리논현점"", ""name_comparison"": ""DIFFERENT"", ""normalized_source_address"": ""서울특별시강남구언주로147길18지1층리미지"", ""normalized_detail_road_address"": ""서울강남구선릉로137길187지하2층"", ""normalized_detail_jibun_address"": ""서울강남구논현동1046"", ""address_comparison"": ""DIFFERENT"", ""validation_result"": ""AMBIGUOUS"", ""failure_reason"": ""QWEN_NO_MATCH"", ""semantic_decision"": ""NO_MATCH"", ""semantic_reason"": ""KOMSCO의 '리미지'는 음식점으로 등록되어 있으나, PCMap의 '이미지팩토리 논현점'은 '생활,편의 > 사진,스튜디오'로 분류되어 업종이 명백히 다릅니다. 또한, 도로명(언주로147길 vs 선릉로137길), 건물번호(18 vs 18-7), 지하2층 vs 지1층 등 주소 정보가 서로 다르며, 지점명도 상이합니다. 주소의 핵심 요소(도로명, 건물번호, 구/동)가 일치하지 않으므로, 실제 같은 사업장으로 판단할 수 없습니다."", ""fatal_veto"": """"}, {""rank"": 3, ""candidate_name"": ""쏘이미지"", ""candidate_address"": ""서울특별시 강남구 강남대로132길 60 내성빌딩 지하1층"", ""place_id"": ""13436211"", ""detail_url"": ""https://pcmap.place.naver.com/restaurant/13436211/home"", ""detail_name"": ""쏘이미지"", ""detail_road_address"": ""서울 강남구 강남대로132길 60 내성빌딩 지하1층"", ""detail_jibun_address"": ""서울 강남구 논현동 56-6"", ""normalized_source_name"": ""리미지"", ""normalized_detail_name"": ""쏘이미지"", ""name_comparison"": ""DIFFERENT"", ""normalized_source_address"": ""서울특별시강남구언주로147길18지1층리미지"", ""normalized_detail_road_address"": ""서울강남구강남대로132길60내성빌딩지하1층"", ""normalized_detail_jibun_address"": ""서울강남구논현동566"", ""address_comparison"": ""DIFFERENT"", ""validation_result"": ""AMBIGUOUS"", ""failure_reason"": ""QWEN_NO_MATCH"", ""semantic_decision"": ""NO_MATCH"", ""semantic_reason"": ""이름, 주소, 카테고리, 좌표 등 핵심 정보가 모두 일치하지 않으며, PCMap의 카테고리가 비음식 업종으로 분류되어 명백한 음식점이 아님"", ""fatal_veto"": """"}, {""rank"": 4, ""candidate_name"": ""뉴타입 이미지웍스"", ""candidate_address"": ""서울특별시 강남구 강남대로132길 21 2층"", ""place_id"": ""12915106"", ""detail_url"": ""https://pcmap.place.naver.com/restaurant/12915106/home"", ""detail_name"": ""뉴타입 이미지웍스"", ""detail_road_address"": ""서울 강남구 강남대로132길 21 2층"", ""detail_jibun_address"": ""서울 강남구 논현동 47-17"", ""normalized_source_name"": ""리미지"", ""normalized_detail_name"": ""뉴타입이미지웍스"", ""name_comparison"": ""DIFFERENT"", ""normalized_source_address"": ""서울특별시강남구언주로147길18지1층리미지"", ""normalized_detail_road_address"": ""서울강남구강남대로132길212층"", ""normalized_detail_jibun_address"": ""서울강남구논현동4717"", ""address_comparison"": ""DIFFERENT"", ""validation_result"": ""AMBIGUOUS"", ""failure_reason"": ""QWEN_NO_MATCH"", ""semantic_decision"": ""NO_MATCH"", ""semantic_reason"": ""KOMSCO의 '리미지'와 PCMap의 '뉴타입 이미지웍스'는 이름, 주소, 카테고리, 좌표 등 핵심 정보에서 일치하지 않으며, 도로명, 건물번호, 카테고리 등이 모두 다르므로 실제 같은 사업장으로 판단할 수 없습니다."", ""fatal_veto"": """"}, {""rank"": 5, ""candidate_name"": ""슈프림이미지"", ""candidate_address"": ""서울특별시 강남구 언주로 647"", ""place_id"": ""1475532395"", ""detail_url"": ""https://pcmap.place.naver.com/restaurant/1475532395/home"", ""detail_name"": ""슈프림이미지"", ""detail_road_address"": ""서울 강남구 언주로 647"", ""detail_jibun_address"": ""서울 강남구 논현동 211-20"", ""normalized_source_name"": ""리미지"", ""normalized_detail_name"": ""슈프림이미지"", ""name_comparison"": ""DIFFERENT"", ""normalized_source_address"": ""서울특별시강남구언주로147길18지1층리미지"", ""normalized_detail_road_address"": ""서울강남구언주로647"", ""normalized_detail_jibun_address"": ""서울강남구논현동21120"", ""address_comparison"": ""DIFFERENT"", ""validation_result"": ""AMBIGUOUS"", ""failure_reason"": ""QWEN_NO_MATCH"", ""semantic_decision"": ""NO_MATCH"", ""semantic_reason"": ""도로명 및 건물번호가 서로 다르며, PCMap의 업종이 서비스,산업 > 기업으로 명백히 음식점이 아님. 주소의 핵심 정보(도로명, 건물번호)가 일치하지 않으며, 업종이 명백히 다름. 동일 브랜드라도 지점이 다르면 NO_MATCH."", ""fatal_veto"": """"}]",NONE,NOT_ATTEMPTED,NOT_ATTEMPTED,,0,,False,,,,,False,0,0,0,0,0,,NOT_ATTEMPTED,NO_MATCH,NOT_ATTEMPTED,,180173
10059,메이크 어 딜리버리,"서울특별시 강남구 학동로34길 24, 지상1층 (논현동) 메이크 어 딜리버리",논현동 메이크 어 딜리버리,1360833438,https://pcmap.place.naver.com/restaurant/1360833438/home,RESOLVED,PARTIAL,QWEN,True,HIGH,0,1,1,1,1,1,"[{""rank"": 1, ""candidate_name"": ""메이크어딜리버리"", ""candidate_address"": ""서울특별시 강남구 학동로34길 24"", ""place_id"": ""1360833438"", ""detail_url"": ""https://pcmap.place.naver.com/restaurant/1360833438/home"", ""detail_name"": ""메이크어딜리버리"", ""detail_road_address"": ""서울 강남구 학동로34길 24"", ""detail_jibun_address"": ""서울 강남구 논현동 214-23"", ""normalized_source_name"": ""메이크어딜리버리"", ""normalized_detail_name"": ""메이크어딜리버리"", ""name_comparison"": ""EXACT"", ""normalized_source_address"": ""서울특별시강남구학동로34길24지상1층논현동메이크어딜리버리"", ""normalized_detail_road_address"": ""서울강남구학동로34길24"", ""normalized_detail_jibun_address"": ""서울강남구논현동21423"", ""address_comparison"": ""STRONG_MATCH"", ""validation_result"": ""RESOLVED"", ""failure_reason"": ""DETAIL_EVIDENCE_INSUFFICIENT"", ""semantic_decision"": ""MATCH"", ""semantic_reason"": ""도로명과 건물번호가 완전히 일치하며, 주소의 핵심 요소(도로명, 건물번호)가 동일하고, 업종도 음식점으로 일치하며, 좌표도 매우 가까워서 실제 같은 사업장으로 판단됨. 이름은 단어 순서와 괄호 생략 차이로 인한 차이지만, 주소와 업종이 일치하여 강한 MATCH 증거로 판단됨."", ""fatal_veto"": """"}]",PLAYWRIGHT_DOM,NOT_ATTEMPTED,SUCCESS,,0,False,False,SUCCESS,SUCCESS,NO_DATA,SUCCESS,True,2,0,0,0,2,,PARTIAL,,NOT_ATTEMPTED,,23792
10064,천안상회,서울시 강남구 강남대로122길 천안상회,논현동 천안상회,1455915335,https://pcmap.place.naver.com/restaurant/1455915335/home,RESOLVED,PARTIAL,QWEN,True,LOW,"0,1",1,1,2,2,2,"[{""rank"": 1, ""candidate_name"": ""천안상회"", ""candidate_address"": ""서울특별시 강남구 강남대로122길 17"", ""place_id"": ""1455915335"", ""detail_url"": ""https://pcmap.place.naver.com/restaurant/1455915335/home"", ""detail_name"": ""천안상회"", ""detail_road_address"": ""서울 강남구 강남대로122길 17"", ""detail_jibun_address"": ""서울 강남구 논현동 162-16"", ""normalized_source_name"": ""천안상회"", ""normalized_detail_name"": ""천안상회"", ""name_comparison"": ""EXACT"", ""normalized_source_address"": ""서울시강남구강남대로122길천안상회"", ""normalized_detail_road_address"": ""서울강남구강남대로122길17"", ""normalized_detail_jibun_address"": ""서울강남구논현동16216"", ""address_comparison"": ""DIFFERENT"", ""validation_result"": ""RESOLVED"", ""failure_reason"": ""ADDRESS_MISMATCH"", ""semantic_decision"": ""MATCH"", ""semantic_reason"": ""도로명(강남대로122길)과 건물번호(17)가 일치하며, 주소의 핵심 위치가 동일함. KOMSCO의 '천안상회'는 PCMap의 '천안상회'와 동일한 상호명. PCMap의 '식료품' 카테고리는 음식점과 관련된 업종으로, 업종 차이가 없음. 주소의 핵심 정보(도로명, 구, 시)가 일치하므로 강한 MATCH 증거."", ""fatal_veto"": """"}]",PLAYWRIGHT_DOM,NOT_ATTEMPTED,SUCCESS,,0,False,False,SUCCESS,SUCCESS,NO_DATA,NO_DATA,True,0,0,0,0,0,,PARTIAL,,NOT_ATTEMPTED,,25433
10072,찌개마을 시골촌,서울특별시 강남구 학동로34길 17 (논현동) 지상1층,논현동 찌개마을 시골촌,1451543155,https://pcmap.place.naver.com/restaurant/1451543155/home,RESOLVED,SUCCESS,QWEN,True,HIGH,0,1,1,1,1,1,"[{""rank"": 1, ""candidate_name"": ""찌개마을시골촌"", ""candidate_address"": ""서울특별시 강남구 학동로34길 17 지상1층"", ""place_id"": ""1451543155"", ""detail_url"": ""https://pcmap.place.naver.com/restaurant/1451543155/home"", ""detail_name"": ""찌개마을시골촌"", ""detail_road_address"": ""서울 강남구 학동로34길 17 지상1층"", ""detail_jibun_address"": ""서울 강남구 논현동 212-14"", ""normalized_source_name"": ""찌개마을시골촌"", ""normalized_detail_name"": ""찌개마을시골촌"", ""name_comparison"": ""EXACT"", ""normalized_source_address"": ""서울특별시강남구학동로34길17논현동지상1층"", ""normalized_detail_road_address"": ""서울강남구학동로34길17지상1층"", ""normalized_detail_jibun_address"": ""서울강남구논현동21214"", ""address_comparison"": ""STRONG_MATCH"", ""validation_result"": ""RESOLVED"", ""failure_reason"": ""DETAIL_EVIDENCE_INSUFFICIENT"", ""semantic_decision"": ""MATCH"", ""semantic_reason"": ""도로명, 건물번호, 지상1층, 좌표, 카테고리 모두 일치하며, 상호명도 동일한 브랜드로 추정됨. 주소의 핵심 요소(도로명, 구, 건물번호)가 완전히 일치하므로 강한 MATCH 증거"", ""fatal_veto"": """"}]",PLAYWRIGHT_DOM,NOT_ATTEMPTED,SUCCESS,7,7,True,False,SUCCESS,SUCCESS,SUCCESS,SUCCESS,True,10,10,15,7,10,,SUCCESS,,NOT_ATTEMPTED,,29886
